Date,Open,High,Low,Close,Adj Close,Volume,"('Adj Close', 'NG=F')","('Close', 'NG=F')","('High', 'NG=F')","('Low', 'NG=F')","('Open', 'NG=F')","('Volume', 'NG=F')","('Adj Close', 'NG=F').1","('Close', 'NG=F').1","('High', 'NG=F').1","('Low', 'NG=F').1","('Open', 'NG=F').1","('Volume', 'NG=F').1","('Adj Close', 'NG=F').2","('Close', 'NG=F').2","('High', 'NG=F').2","('Low', 'NG=F').2","('Open', 'NG=F').2","('Volume', 'NG=F').2","('Adj Close', 'NG=F').3","('Close', 'NG=F').3","('High', 'NG=F').3","('Low', 'NG=F').3","('Open', 'NG=F').3","('Volume', 'NG=F').3","('Adj Close', 'NG=F').4","('Close', 'NG=F').4","('High', 'NG=F').4","('Low', 'NG=F').4","('Open', 'NG=F').4","('Volume', 'NG=F').4","('Adj Close', 'NG=F').5","('Close', 'NG=F').5","('High', 'NG=F').5","('Low', 'NG=F').5","('Open', 'NG=F').5","('Volume', 'NG=F').5","('Adj Close', 'NG=F').6","('Close', 'NG=F').6","('High', 'NG=F').6","('Low', 'NG=F').6","('Open', 'NG=F').6","('Volume', 'NG=F').6","('Adj Close', 'NG=F').7","('Close', 'NG=F').7","('High', 'NG=F').7","('Low', 'NG=F').7","('Open', 'NG=F').7","('Volume', 'NG=F').7","('Adj Close', 'NG=F').8","('Close', 'NG=F').8","('High', 'NG=F').8","('Low', 'NG=F').8","('Open', 'NG=F').8","('Volume', 'NG=F').8","('Adj Close', 'NG=F').9","('Close', 'NG=F').9","('High', 'NG=F').9","('Low', 'NG=F').9","('Open', 'NG=F').9","('Volume', 'NG=F').9","('Adj Close', 'NG=F').10","('Close', 'NG=F').10","('High', 'NG=F').10","('Low', 'NG=F').10","('Open', 'NG=F').10","('Volume', 'NG=F').10","('Adj Close', 'NG=F').11","('Close', 'NG=F').11","('High', 'NG=F').11","('Low', 'NG=F').11","('Open', 'NG=F').11","('Volume', 'NG=F').11","('Adj Close', 'NG=F')","('Close', 'NG=F')","('High', 'NG=F')","('Low', 'NG=F')","('Open', 'NG=F')","('Volume', 'NG=F')"
2023-07-03,2.7290000915527344,2.746000051498413,2.6700000762939453,2.7090001106262207,2.7090001106262207,79618.0,,,,,,,,,,,,,,,,,,,,,,,,,,,,,,,,,,,,,,,,,,,,,,,,,,,,,,,,,,,,,,,,,,,,,,,,,,,,,,
2023-07-05,2.6989998817443848,2.7929999828338623,2.6480000019073486,2.657000064849853,2.657000064849853,124912.0,,,,,,,,,,,,,,,,,,,,,,,,,,,,,,,,,,,,,,,,,,,,,,,,,,,,,,,,,,,,,,,,,,,,,,,,,,,,,,
2023-07-06,2.6519999504089355,2.687000036239624,2.5859999656677246,2.608999967575073,2.608999967575073,109301.0,,,,,,,,,,,,,,,,,,,,,,,,,,,,,,,,,,,,,,,,,,,,,,,,,,,,,,,,,,,,,,,,,,,,,,,,,,,,,,
2023-07-07,2.634999990463257,2.674999952316284,2.5360000133514404,2.5820000171661377,2.5820000171661377,103593.0,,,,,,,,,,,,,,,,,,,,,,,,,,,,,,,,,,,,,,,,,,,,,,,,,,,,,,,,,,,,,,,,,,,,,,,,,,,,,,
2023-07-10,2.569999933242798,2.691999912261963,2.569999933242798,2.6689999103546143,2.6689999103546143,124495.0,,,,,,,,,,,,,,,,,,,,,,,,,,,,,,,,,,,,,,,,,,,,,,,,,,,,,,,,,,,,,,,,,,,,,,,,,,,,,,
2023-07-11,2.6670000553131104,2.747999906539917,2.630000114440918,2.7309999465942383,2.7309999465942383,130580.0,,,,,,,,,,,,,,,,,,,,,,,,,,,,,,,,,,,,,,,,,,,,,,,,,,,,,,,,,,,,,,,,,,,,,,,,,,,,,,
2023-07-12,2.739000082015991,2.75,2.618000030517578,2.631999969482422,2.631999969482422,149633.0,,,,,,,,,,,,,,,,,,,,,,,,,,,,,,,,,,,,,,,,,,,,,,,,,,,,,,,,,,,,,,,,,,,,,,,,,,,,,,
2023-07-13,2.6589999198913574,2.66599988937378,2.5390000343322754,2.5450000762939453,2.5450000762939453,148019.0,,,,,,,,,,,,,,,,,,,,,,,,,,,,,,,,,,,,,,,,,,,,,,,,,,,,,,,,,,,,,,,,,,,,,,,,,,,,,,
2023-07-14,2.558000087738037,2.6059999465942383,2.492000102996826,2.5390000343322754,2.5390000343322754,134591.0,,,,,,,,,,,,,,,,,,,,,,,,,,,,,,,,,,,,,,,,,,,,,,,,,,,,,,,,,,,,,,,,,,,,,,,,,,,,,,
2023-07-17,2.5480000972747803,2.5799999237060547,2.483999967575073,2.51200008392334,2.51200008392334,110913.0,,,,,,,,,,,,,,,,,,,,,,,,,,,,,,,,,,,,,,,,,,,,,,,,,,,,,,,,,,,,,,,,,,,,,,,,,,,,,,
2023-07-18,2.5369999408721924,2.6470000743865967,2.5290000438690186,2.628999948501587,2.628999948501587,134874.0,,,,,,,,,,,,,,,,,,,,,,,,,,,,,,,,,,,,,,,,,,,,,,,,,,,,,,,,,,,,,,,,,,,,,,,,,,,,,,
2023-07-19,2.619999885559082,2.657000064849853,2.5840001106262207,2.602999925613404,2.602999925613404,102069.0,,,,,,,,,,,,,,,,,,,,,,,,,,,,,,,,,,,,,,,,,,,,,,,,,,,,,,,,,,,,,,,,,,,,,,,,,,,,,,
2023-07-20,2.628999948501587,2.7890000343322754,2.617000102996826,2.756999969482422,2.756999969482422,165848.0,,,,,,,,,,,,,,,,,,,,,,,,,,,,,,,,,,,,,,,,,,,,,,,,,,,,,,,,,,,,,,,,,,,,,,,,,,,,,,
2023-07-21,2.74399995803833,2.7860000133514404,2.687000036239624,2.713000059127808,2.713000059127808,94148.0,,,,,,,,,,,,,,,,,,,,,,,,,,,,,,,,,,,,,,,,,,,,,,,,,,,,,,,,,,,,,,,,,,,,,,,,,,,,,,
2023-07-24,2.720999956130981,2.7669999599456787,2.6640000343322754,2.684999942779541,2.684999942779541,54167.0,,,,,,,,,,,,,,,,,,,,,,,,,,,,,,,,,,,,,,,,,,,,,,,,,,,,,,,,,,,,,,,,,,,,,,,,,,,,,,
2023-07-25,2.703000068664551,2.753999948501587,2.6559998989105225,2.7300000190734863,2.7300000190734863,35545.0,,,,,,,,,,,,,,,,,,,,,,,,,,,,,,,,,,,,,,,,,,,,,,,,,,,,,,,,,,,,,,,,,,,,,,,,,,,,,,
2023-07-26,2.720000028610229,2.739000082015991,2.625,2.664999961853028,2.664999961853028,37310.0,,,,,,,,,,,,,,,,,,,,,,,,,,,,,,,,,,,,,,,,,,,,,,,,,,,,,,,,,,,,,,,,,,,,,,,,,,,,,,
2023-07-27,2.627000093460083,2.650000095367432,2.463000059127808,2.492000102996826,2.492000102996826,166760.0,,,,,,,,,,,,,,,,,,,,,,,,,,,,,,,,,,,,,,,,,,,,,,,,,,,,,,,,,,,,,,,,,,,,,,,,,,,,,,
2023-07-28,2.601999998092652,2.684999942779541,2.563999891281128,2.638000011444092,2.638000011444092,136505.0,,,,,,,,,,,,,,,,,,,,,,,,,,,,,,,,,,,,,,,,,,,,,,,,,,,,,,,,,,,,,,,,,,,,,,,,,,,,,,
2023-07-31,2.6589999198913574,2.693000078201294,2.6050000190734863,2.634000062942505,2.634000062942505,97877.0,,,,,,,,,,,,,,,,,,,,,,,,,,,,,,,,,,,,,,,,,,,,,,,,,,,,,,,,,,,,,,,,,,,,,,,,,,,,,,
2023-08-01,2.6440000534057617,2.674999952316284,2.5309998989105225,2.559999942779541,2.559999942779541,135522.0,,,,,,,,,,,,,,,,,,,,,,,,,,,,,,,,,,,,,,,,,,,,,,,,,,,,,,,,,,,,,,,,,,,,,,,,,,,,,,
2023-08-02,2.578000068664551,2.5810000896453857,2.4570000171661377,2.476999998092652,2.476999998092652,147612.0,,,,,,,,,,,,,,,,,,,,,,,,,,,,,,,,,,,,,,,,,,,,,,,,,,,,,,,,,,,,,,,,,,,,,,,,,,,,,,
2023-08-03,2.483999967575073,2.5859999656677246,2.4739999771118164,2.565000057220459,2.565000057220459,139151.0,,,,,,,,,,,,,,,,,,,,,,,,,,,,,,,,,,,,,,,,,,,,,,,,,,,,,,,,,,,,,,,,,,,,,,,,,,,,,,
2023-08-04,2.555999994277954,2.61899995803833,2.5290000438690186,2.57699990272522,2.57699990272522,104012.0,,,,,,,,,,,,,,,,,,,,,,,,,,,,,,,,,,,,,,,,,,,,,,,,,,,,,,,,,,,,,,,,,,,,,,,,,,,,,,
2023-08-07,2.5789999961853027,2.753999948501587,2.571000099182129,2.7249999046325684,2.7249999046325684,228905.0,,,,,,,,,,,,,,,,,,,,,,,,,,,,,,,,,,,,,,,,,,,,,,,,,,,,,,,,,,,,,,,,,,,,,,,,,,,,,,
2023-08-08,2.734999895095825,2.8010001182556152,2.691999912261963,2.7769999504089355,2.7769999504089355,186795.0,,,,,,,,,,,,,,,,,,,,,,,,,,,,,,,,,,,,,,,,,,,,,,,,,,,,,,,,,,,,,,,,,,,,,,,,,,,,,,
2023-08-09,2.796999931335449,3.0179998874664307,2.7709999084472656,2.9590001106262207,2.9590001106262207,312252.0,,,,,,,,,,,,,,,,,,,,,,,,,,,,,,,,,,,,,,,,,,,,,,,,,,,,,,,,,,,,,,,,,,,,,,,,,,,,,,
2023-08-10,2.9739999771118164,2.997999906539917,2.746999979019165,2.763000011444092,2.763000011444092,230514.0,,,,,,,,,,,,,,,,,,,,,,,,,,,,,,,,,,,,,,,,,,,,,,,,,,,,,,,,,,,,,,,,,,,,,,,,,,,,,,
2023-08-11,2.7799999713897705,2.8329999446868896,2.700999975204468,2.7699999809265137,2.7699999809265137,163958.0,,,,,,,,,,,,,,,,,,,,,,,,,,,,,,,,,,,,,,,,,,,,,,,,,,,,,,,,,,,,,,,,,,,,,,,,,,,,,,
2023-08-14,2.776000022888184,2.82699990272522,2.749000072479248,2.7950000762939453,2.7950000762939453,93502.0,,,,,,,,,,,,,,,,,,,,,,,,,,,,,,,,,,,,,,,,,,,,,,,,,,,,,,,,,,,,,,,,,,,,,,,,,,,,,,
2023-08-15,2.809999942779541,2.86299991607666,2.6470000743865967,2.6589999198913574,2.6589999198913574,158887.0,,,,,,,,,,,,,,,,,,,,,,,,,,,,,,,,,,,,,,,,,,,,,,,,,,,,,,,,,,,,,,,,,,,,,,,,,,,,,,
2023-08-16,2.6640000343322754,2.674000024795532,2.568000078201294,2.5920000076293945,2.5920000076293945,142515.0,,,,,,,,,,,,,,,,,,,,,,,,,,,,,,,,,,,,,,,,,,,,,,,,,,,,,,,,,,,,,,,,,,,,,,,,,,,,,,
2023-08-17,2.6050000190734863,2.6700000762939453,2.575000047683716,2.621000051498413,2.621000051498413,119544.0,,,,,,,,,,,,,,,,,,,,,,,,,,,,,,,,,,,,,,,,,,,,,,,,,,,,,,,,,,,,,,,,,,,,,,,,,,,,,,
2023-08-18,2.622999906539917,2.635999917984009,2.5239999294281006,2.5510001182556152,2.5510001182556152,128027.0,,,,,,,,,,,,,,,,,,,,,,,,,,,,,,,,,,,,,,,,,,,,,,,,,,,,,,,,,,,,,,,,,,,,,,,,,,,,,,
2023-08-21,2.559999942779541,2.6600000858306885,2.555000066757202,2.631999969482422,2.631999969482422,102634.0,,,,,,,,,,,,,,,,,,,,,,,,,,,,,,,,,,,,,,,,,,,,,,,,,,,,,,,,,,,,,,,,,,,,,,,,,,,,,,
2023-08-22,2.618000030517578,2.635999917984009,2.539999961853028,2.559999942779541,2.559999942779541,111965.0,,,,,,,,,,,,,,,,,,,,,,,,,,,,,,,,,,,,,,,,,,,,,,,,,,,,,,,,,,,,,,,,,,,,,,,,,,,,,,
2023-08-23,2.559999942779541,2.5899999141693115,2.4730000495910645,2.496999979019165,2.496999979019165,93844.0,,,,,,,,,,,,,,,,,,,,,,,,,,,,,,,,,,,,,,,,,,,,,,,,,,,,,,,,,,,,,,,,,,,,,,,,,,,,,,
2023-08-24,2.483999967575073,2.565000057220459,2.424999952316284,2.5190000534057617,2.5190000534057617,76080.0,,,,,,,,,,,,,,,,,,,,,,,,,,,,,,,,,,,,,,,,,,,,,,,,,,,,,,,,,,,,,,,,,,,,,,,,,,,,,,
2023-08-25,2.5169999599456787,2.555000066757202,2.4679999351501465,2.539999961853028,2.539999961853028,31329.0,,,,,,,,,,,,,,,,,,,,,,,,,,,,,,,,,,,,,,,,,,,,,,,,,,,,,,,,,,,,,,,,,,,,,,,,,,,,,,
2023-08-28,2.634999990463257,2.694999933242798,2.5439999103546143,2.5789999961853027,2.5789999961853027,58220.0,,,,,,,,,,,,,,,,,,,,,,,,,,,,,,,,,,,,,,,,,,,,,,,,,,,,,,,,,,,,,,,,,,,,,,,,,,,,,,
2023-08-29,2.5789999961853027,2.5989999771118164,2.515000104904175,2.555999994277954,2.555999994277954,145380.0,,,,,,,,,,,,,,,,,,,,,,,,,,,,,,,,,,,,,,,,,,,,,,,,,,,,,,,,,,,,,,,,,,,,,,,,,,,,,,
2023-08-30,2.680000066757202,2.812999963760376,2.6470000743865967,2.7960000038146973,2.7960000038146973,146876.0,,,,,,,,,,,,,,,,,,,,,,,,,,,,,,,,,,,,,,,,,,,,,,,,,,,,,,,,,,,,,,,,,,,,,,,,,,,,,,
2023-08-31,2.802999973297119,2.865000009536743,2.7079999446868896,2.7679998874664307,2.7679998874664307,176016.0,,,,,,,,,,,,,,,,,,,,,,,,,,,,,,,,,,,,,,,,,,,,,,,,,,,,,,,,,,,,,,,,,,,,,,,,,,,,,,
2023-09-01,2.765000104904175,2.859999895095825,2.734999895095825,2.765000104904175,2.765000104904175,127248.0,,,,,,,,,,,,,,,,,,,,,,,,,,,,,,,,,,,,,,,,,,,,,,,,,,,,,,,,,,,,,,,,,,,,,,,,,,,,,,
2023-09-05,2.700000047683716,2.7079999446868896,2.565999984741211,2.5820000171661377,2.5820000171661377,178329.0,,,,,,,,,,,,,,,,,,,,,,,,,,,,,,,,,,,,,,,,,,,,,,,,,,,,,,,,,,,,,,,,,,,,,,,,,,,,,,
2023-09-06,2.5840001106262207,2.614000082015991,2.503000020980835,2.509999990463257,2.509999990463257,116663.0,,,,,,,,,,,,,,,,,,,,,,,,,,,,,,,,,,,,,,,,,,,,,,,,,,,,,,,,,,,,,,,,,,,,,,,,,,,,,,
2023-09-07,2.5160000324249268,2.614000082015991,2.5,2.5789999961853027,2.5789999961853027,140334.0,,,,,,,,,,,,,,,,,,,,,,,,,,,,,,,,,,,,,,,,,,,,,,,,,,,,,,,,,,,,,,,,,,,,,,,,,,,,,,
2023-09-08,2.5789999961853027,2.6589999198913574,2.572000026702881,2.6050000190734863,2.6050000190734863,101228.0,,,,,,,,,,,,,,,,,,,,,,,,,,,,,,,,,,,,,,,,,,,,,,,,,,,,,,,,,,,,,,,,,,,,,,,,,,,,,,
2023-09-11,2.609999895095825,2.638999938964844,2.54099988937378,2.6080000400543213,2.6080000400543213,110879.0,,,,,,,,,,,,,,,,,,,,,,,,,,,,,,,,,,,,,,,,,,,,,,,,,,,,,,,,,,,,,,,,,,,,,,,,,,,,,,
2023-09-12,2.619999885559082,2.782000064849853,2.6040000915527344,2.743000030517578,2.743000030517578,202189.0,,,,,,,,,,,,,,,,,,,,,,,,,,,,,,,,,,,,,,,,,,,,,,,,,,,,,,,,,,,,,,,,,,,,,,,,,,,,,,
2023-09-13,2.746999979019165,2.7769999504089355,2.640000104904175,2.680000066757202,2.680000066757202,191712.0,,,,,,,,,,,,,,,,,,,,,,,,,,,,,,,,,,,,,,,,,,,,,,,,,,,,,,,,,,,,,,,,,,,,,,,,,,,,,,
2023-09-14,2.7149999141693115,2.822999954223633,2.697000026702881,2.7079999446868896,2.7079999446868896,154082.0,,,,,,,,,,,,,,,,,,,,,,,,,,,,,,,,,,,,,,,,,,,,,,,,,,,,,,,,,,,,,,,,,,,,,,,,,,,,,,
2023-09-15,2.7039999961853027,2.736000061035156,2.63700008392334,2.6440000534057617,2.6440000534057617,127780.0,,,,,,,,,,,,,,,,,,,,,,,,,,,,,,,,,,,,,,,,,,,,,,,,,,,,,,,,,,,,,,,,,,,,,,,,,,,,,,
2023-09-18,2.624000072479248,2.744999885559082,2.5999999046325684,2.727999925613404,2.727999925613404,128308.0,,,,,,,,,,,,,,,,,,,,,,,,,,,,,,,,,,,,,,,,,,,,,,,,,,,,,,,,,,,,,,,,,,,,,,,,,,,,,,
2023-09-19,2.7290000915527344,2.871999979019165,2.7100000381469727,2.8480000495910645,2.8480000495910645,164806.0,,,,,,,,,,,,,,,,,,,,,,,,,,,,,,,,,,,,,,,,,,,,,,,,,,,,,,,,,,,,,,,,,,,,,,,,,,,,,,
2023-09-20,2.819000005722046,2.8239998817443848,2.693000078201294,2.7330000400543213,2.7330000400543213,140309.0,,,,,,,,,,,,,,,,,,,,,,,,,,,,,,,,,,,,,,,,,,,,,,,,,,,,,,,,,,,,,,,,,,,,,,,,,,,,,,
2023-09-21,2.7320001125335693,2.759000062942505,2.595000028610229,2.609999895095825,2.609999895095825,99971.0,,,,,,,,,,,,,,,,,,,,,,,,,,,,,,,,,,,,,,,,,,,,,,,,,,,,,,,,,,,,,,,,,,,,,,,,,,,,,,
2023-09-22,2.624000072479248,2.683000087738037,2.601999998092652,2.63700008392334,2.63700008392334,52641.0,,,,,,,,,,,,,,,,,,,,,,,,,,,,,,,,,,,,,,,,,,,,,,,,,,,,,,,,,,,,,,,,,,,,,,,,,,,,,,
2023-09-25,2.657000064849853,2.6710000038146973,2.6059999465942383,2.638999938964844,2.638999938964844,36175.0,,,,,,,,,,,,,,,,,,,,,,,,,,,,,,,,,,,,,,,,,,,,,,,,,,,,,,,,,,,,,,,,,,,,,,,,,,,,,,
2023-09-26,2.638000011444092,2.6670000553131104,2.552000045776367,2.6559998989105225,2.6559998989105225,57087.0,,,,,,,,,,,,,,,,,,,,,,,,,,,,,,,,,,,,,,,,,,,,,,,,,,,,,,,,,,,,,,,,,,,,,,,,,,,,,,
2023-09-27,2.6559998989105225,2.7809998989105225,2.640000104904175,2.763999938964844,2.763999938964844,136011.0,,,,,,,,,,,,,,,,,,,,,,,,,,,,,,,,,,,,,,,,,,,,,,,,,,,,,,,,,,,,,,,,,,,,,,,,,,,,,,
2023-09-28,2.8910000324249268,2.9809999465942383,2.868000030517578,2.944999933242798,2.944999933242798,123674.0,,,,,,,,,,,,,,,,,,,,,,,,,,,,,,,,,,,,,,,,,,,,,,,,,,,,,,,,,,,,,,,,,,,,,,,,,,,,,,
2023-09-29,2.9489998817443848,2.996999979019165,2.8550000190734863,2.928999900817871,2.928999900817871,114663.0,,,,,,,,,,,,,,,,,,,,,,,,,,,,,,,,,,,,,,,,,,,,,,,,,,,,,,,,,,,,,,,,,,,,,,,,,,,,,,
2023-10-02,2.9579999446868896,2.9579999446868896,2.8350000381469727,2.8399999141693115,2.8399999141693115,124338.0,,,,,,,,,,,,,,,,,,,,,,,,,,,,,,,,,,,,,,,,,,,,,,,,,,,,,,,,,,,,,,,,,,,,,,,,,,,,,,
2023-10-03,2.8420000076293945,2.9660000801086426,2.819999933242798,2.9489998817443848,2.9489998817443848,128578.0,,,,,,,,,,,,,,,,,,,,,,,,,,,,,,,,,,,,,,,,,,,,,,,,,,,,,,,,,,,,,,,,,,,,,,,,,,,,,,
2023-10-04,2.940000057220459,3.055000066757202,2.934999942779541,2.961999893188477,2.961999893188477,155568.0,,,,,,,,,,,,,,,,,,,,,,,,,,,,,,,,,,,,,,,,,,,,,,,,,,,,,,,,,,,,,,,,,,,,,,,,,,,,,,
2023-10-05,2.98799991607666,3.2049999237060547,2.9649999141693115,3.16599988937378,3.16599988937378,220407.0,,,,,,,,,,,,,,,,,,,,,,,,,,,,,,,,,,,,,,,,,,,,,,,,,,,,,,,,,,,,,,,,,,,,,,,,,,,,,,
2023-10-06,3.183000087738037,3.364000082015991,3.16599988937378,3.338000059127808,3.338000059127808,247997.0,,,,,,,,,,,,,,,,,,,,,,,,,,,,,,,,,,,,,,,,,,,,,,,,,,,,,,,,,,,,,,,,,,,,,,,,,,,,,,
2023-10-09,3.3499999046325684,3.470999956130981,3.322000026702881,3.375999927520752,3.375999927520752,208300.0,,,,,,,,,,,,,,,,,,,,,,,,,,,,,,,,,,,,,,,,,,,,,,,,,,,,,,,,,,,,,,,,,,,,,,,,,,,,,,
2023-10-10,3.371000051498413,3.4489998817443848,3.3359999656677246,3.381999969482422,3.381999969482422,170101.0,,,,,,,,,,,,,,,,,,,,,,,,,,,,,,,,,,,,,,,,,,,,,,,,,,,,,,,,,,,,,,,,,,,,,,,,,,,,,,
2023-10-11,3.4049999713897705,3.4539999961853027,3.2249999046325684,3.377000093460083,3.377000093460083,211414.0,,,,,,,,,,,,,,,,,,,,,,,,,,,,,,,,,,,,,,,,,,,,,,,,,,,,,,,,,,,,,,,,,,,,,,,,,,,,,,
2023-10-12,3.384999990463257,3.427999973297119,3.299000024795532,3.344000101089477,3.344000101089477,160315.0,,,,,,,,,,,,,,,,,,,,,,,,,,,,,,,,,,,,,,,,,,,,,,,,,,,,,,,,,,,,,,,,,,,,,,,,,,,,,,
2023-10-13,3.345999956130981,3.3480000495910645,3.203000068664551,3.236000061035156,3.236000061035156,139194.0,,,,,,,,,,,,,,,,,,,,,,,,,,,,,,,,,,,,,,,,,,,,,,,,,,,,,,,,,,,,,,,,,,,,,,,,,,,,,,
2023-10-16,3.184999942779541,3.184999942779541,3.052999973297119,3.108999967575073,3.108999967575073,165019.0,,,,,,,,,,,,,,,,,,,,,,,,,,,,,,,,,,,,,,,,,,,,,,,,,,,,,,,,,,,,,,,,,,,,,,,,,,,,,,
2023-10-17,3.124000072479248,3.13700008392334,3.0239999294281006,3.0789999961853027,3.0789999961853027,133591.0,,,,,,,,,,,,,,,,,,,,,,,,,,,,,,,,,,,,,,,,,,,,,,,,,,,,,,,,,,,,,,,,,,,,,,,,,,,,,,
2023-10-18,3.061000108718872,3.157999992370605,3.0369999408721924,3.055999994277954,3.055999994277954,122851.0,,,,,,,,,,,,,,,,,,,,,,,,,,,,,,,,,,,,,,,,,,,,,,,,,,,,,,,,,,,,,,,,,,,,,,,,,,,,,,
2023-10-19,3.072000026702881,3.0920000076293945,2.943000078201294,2.9570000171661377,2.9570000171661377,138650.0,,,,,,,,,,,,,,,,,,,,,,,,,,,,,,,,,,,,,,,,,,,,,,,,,,,,,,,,,,,,,,,,,,,,,,,,,,,,,,
2023-10-20,2.9590001106262207,2.976999998092652,2.880000114440918,2.8989999294281006,2.8989999294281006,144044.0,,,,,,,,,,,,,,,,,,,,,,,,,,,,,,,,,,,,,,,,,,,,,,,,,,,,,,,,,,,,,,,,,,,,,,,,,,,,,,
2023-10-23,2.9049999713897705,2.950999975204468,2.861000061035156,2.9260001182556152,2.9260001182556152,99128.0,,,,,,,,,,,,,,,,,,,,,,,,,,,,,,,,,,,,,,,,,,,,,,,,,,,,,,,,,,,,,,,,,,,,,,,,,,,,,,
2023-10-24,2.9179999828338623,2.996999979019165,2.875999927520752,2.970999956130981,2.970999956130981,65427.0,,,,,,,,,,,,,,,,,,,,,,,,,,,,,,,,,,,,,,,,,,,,,,,,,,,,,,,,,,,,,,,,,,,,,,,,,,,,,,
2023-10-25,2.9749999046325684,3.0339999198913574,2.9539999961853027,3.009999990463257,3.009999990463257,31461.0,,,,,,,,,,,,,,,,,,,,,,,,,,,,,,,,,,,,,,,,,,,,,,,,,,,,,,,,,,,,,,,,,,,,,,,,,,,,,,
2023-10-26,3.0280001163482666,3.2790000438690186,2.976999998092652,3.21399998664856,3.21399998664856,88611.0,,,,,,,,,,,,,,,,,,,,,,,,,,,,,,,,,,,,,,,,,,,,,,,,,,,,,,,,,,,,,,,,,,,,,,,,,,,,,,
2023-10-27,3.250999927520752,3.401000022888184,3.135999917984009,3.1640000343322754,3.1640000343322754,140955.0,,,,,,,,,,,,,,,,,,,,,,,,,,,,,,,,,,,,,,,,,,,,,,,,,,,,,,,,,,,,,,,,,,,,,,,,,,,,,,
2023-10-30,3.400000095367432,3.4049999713897705,3.321000099182129,3.351999998092652,3.351999998092652,119526.0,,,,,,,,,,,,,,,,,,,,,,,,,,,,,,,,,,,,,,,,,,,,,,,,,,,,,,,,,,,,,,,,,,,,,,,,,,,,,,
2023-10-31,3.3299999237060547,3.630000114440918,3.318000078201294,3.575000047683716,3.575000047683716,238330.0,,,,,,,,,,,,,,,,,,,,,,,,,,,,,,,,,,,,,,,,,,,,,,,,,,,,,,,,,,,,,,,,,,,,,,,,,,,,,,
2023-11-01,3.5999999046325684,3.608000040054321,3.427999973297119,3.49399995803833,3.49399995803833,151262.0,,,,,,,,,,,,,,,,,,,,,,,,,,,,,,,,,,,,,,,,,,,,,,,,,,,,,,,,,,,,,,,,,,,,,,,,,,,,,,
2023-11-02,3.50600004196167,3.5199999809265137,3.401000022888184,3.4719998836517334,3.4719998836517334,118508.0,,,,,,,,,,,,,,,,,,,,,,,,,,,,,,,,,,,,,,,,,,,,,,,,,,,,,,,,,,,,,,,,,,,,,,,,,,,,,,
2023-11-03,3.509999990463257,3.575999975204468,3.45199990272522,3.515000104904175,3.515000104904175,110113.0,,,,,,,,,,,,,,,,,,,,,,,,,,,,,,,,,,,,,,,,,,,,,,,,,,,,,,,,,,,,,,,,,,,,,,,,,,,,,,
2023-11-06,3.372999906539917,3.407000064849853,3.249000072479248,3.263999938964844,3.263999938964844,185742.0,,,,,,,,,,,,,,,,,,,,,,,,,,,,,,,,,,,,,,,,,,,,,,,,,,,,,,,,,,,,,,,,,,,,,,,,,,,,,,
2023-11-07,3.2730000019073486,3.2950000762939453,3.0989999771118164,3.140000104904175,3.140000104904175,186182.0,,,,,,,,,,,,,,,,,,,,,,,,,,,,,,,,,,,,,,,,,,,,,,,,,,,,,,,,,,,,,,,,,,,,,,,,,,,,,,
2023-11-08,3.1760001182556152,3.187999963760376,3.058000087738037,3.1059999465942383,3.1059999465942383,172750.0,,,,,,,,,,,,,,,,,,,,,,,,,,,,,,,,,,,,,,,,,,,,,,,,,,,,,,,,,,,,,,,,,,,,,,,,,,,,,,
2023-11-09,3.121999979019165,3.1619999408721924,3.0220000743865967,3.04099988937378,3.04099988937378,142578.0,,,,,,,,,,,,,,,,,,,,,,,,,,,,,,,,,,,,,,,,,,,,,,,,,,,,,,,,,,,,,,,,,,,,,,,,,,,,,,
2023-11-10,3.0380001068115234,3.07699990272522,2.989000082015991,3.032999992370605,3.032999992370605,106720.0,,,,,,,,,,,,,,,,,,,,,,,,,,,,,,,,,,,,,,,,,,,,,,,,,,,,,,,,,,,,,,,,,,,,,,,,,,,,,,
2023-11-13,3.063999891281128,3.246000051498413,3.061000108718872,3.197000026702881,3.197000026702881,165652.0,,,,,,,,,,,,,,,,,,,,,,,,,,,,,,,,,,,,,,,,,,,,,,,,,,,,,,,,,,,,,,,,,,,,,,,,,,,,,,
2023-11-14,3.2330000400543213,3.263999938964844,3.0859999656677246,3.1059999465942383,3.1059999465942383,146724.0,,,,,,,,,,,,,,,,,,,,,,,,,,,,,,,,,,,,,,,,,,,,,,,,,,,,,,,,,,,,,,,,,,,,,,,,,,,,,,
2023-11-15,3.1059999465942383,3.275000095367432,3.069999933242798,3.190000057220459,3.190000057220459,153744.0,,,,,,,,,,,,,,,,,,,,,,,,,,,,,,,,,,,,,,,,,,,,,,,,,,,,,,,,,,,,,,,,,,,,,,,,,,,,,,
2023-11-16,3.151000022888184,3.265000104904175,3.0280001163482666,3.062000036239624,3.062000036239624,179663.0,,,,,,,,,,,,,,,,,,,,,,,,,,,,,,,,,,,,,,,,,,,,,,,,,,,,,,,,,,,,,,,,,,,,,,,,,,,,,,
2023-11-17,3.055000066757202,3.111999988555908,2.8929998874664307,2.9600000381469727,2.9600000381469727,159777.0,,,,,,,,,,,,,,,,,,,,,,,,,,,,,,,,,,,,,,,,,,,,,,,,,,,,,,,,,,,,,,,,,,,,,,,,,,,,,,
2023-11-20,2.9570000171661377,2.9579999446868896,2.864000082015991,2.881999969482422,2.881999969482422,113704.0,,,,,,,,,,,,,,,,,,,,,,,,,,,,,,,,,,,,,,,,,,,,,,,,,,,,,,,,,,,,,,,,,,,,,,,,,,,,,,
2023-11-21,2.885999917984009,2.9210000038146973,2.8410000801086426,2.845999956130981,2.845999956130981,103671.0,,,,,,,,,,,,,,,,,,,,,,,,,,,,,,,,,,,,,,,,,,,,,,,,,,,,,,,,,,,,,,,,,,,,,,,,,,,,,,
2023-11-22,2.867000102996826,2.921999931335449,2.819000005722046,2.8970000743865967,2.8970000743865967,59224.0,,,,,,,,,,,,,,,,,,,,,,,,,,,,,,,,,,,,,,,,,,,,,,,,,,,,,,,,,,,,,,,,,,,,,,,,,,,,,,
2023-11-23,2.8970000743865967,2.937999963760376,2.858999967575073,2.934000015258789,2.934000015258789,59224.0,,,,,,,,,,,,,,,,,,,,,,,,,,,,,,,,,,,,,,,,,,,,,,,,,,,,,,,,,,,,,,,,,,,,,,,,,,,,,,
2023-11-24,2.8970000743865967,2.950999975204468,2.7980000972747803,2.8550000190734863,2.8550000190734863,34118.0,,,,,,,,,,,,,,,,,,,,,,,,,,,,,,,,,,,,,,,,,,,,,,,,,,,,,,,,,,,,,,,,,,,,,,,,,,,,,,
2023-11-27,2.7780001163482666,2.819999933242798,2.7090001106262207,2.7939999103546143,2.7939999103546143,67039.0,,,,,,,,,,,,,,,,,,,,,,,,,,,,,,,,,,,,,,,,,,,,,,,,,,,,,,,,,,,,,,,,,,,,,,,,,,,,,,
2023-11-28,2.789999961853028,2.815000057220459,2.6689999103546143,2.7060000896453857,2.7060000896453857,187190.0,,,,,,,,,,,,,,,,,,,,,,,,,,,,,,,,,,,,,,,,,,,,,,,,,,,,,,,,,,,,,,,,,,,,,,,,,,,,,,
2023-11-29,2.7920000553131104,2.869999885559082,2.759999990463257,2.803999900817871,2.803999900817871,141591.0,,,,,,,,,,,,,,,,,,,,,,,,,,,,,,,,,,,,,,,,,,,,,,,,,,,,,,,,,,,,,,,,,,,,,,,,,,,,,,
2023-11-30,2.799000024795532,2.8550000190734863,2.760999917984009,2.802000045776367,2.802000045776367,147752.0,,,,,,,,,,,,,,,,,,,,,,,,,,,,,,,,,,,,,,,,,,,,,,,,,,,,,,,,,,,,,,,,,,,,,,,,,,,,,,
2023-12-01,2.809000015258789,2.844000101089477,2.753999948501587,2.813999891281128,2.813999891281128,133190.0,,,,,,,,,,,,,,,,,,,,,,,,,,,,,,,,,,,,,,,,,,,,,,,,,,,,,,,,,,,,,,,,,,,,,,,,,,,,,,
2023-12-04,2.727999925613404,2.752000093460083,2.6489999294281006,2.694000005722046,2.694000005722046,161786.0,,,,,,,,,,,,,,,,,,,,,,,,,,,,,,,,,,,,,,,,,,,,,,,,,,,,,,,,,,,,,,,,,,,,,,,,,,,,,,
2023-12-05,2.6989998817443848,2.7860000133514404,2.674999952316284,2.7100000381469727,2.7100000381469727,119974.0,,,,,,,,,,,,,,,,,,,,,,,,,,,,,,,,,,,,,,,,,,,,,,,,,,,,,,,,,,,,,,,,,,,,,,,,,,,,,,
2023-12-06,2.6989998817443848,2.756999969482422,2.54099988937378,2.569000005722046,2.569000005722046,218374.0,,,,,,,,,,,,,,,,,,,,,,,,,,,,,,,,,,,,,,,,,,,,,,,,,,,,,,,,,,,,,,,,,,,,,,,,,,,,,,
2023-12-07,2.569000005722046,2.621000051498413,2.489000082015991,2.5850000381469727,2.5850000381469727,248396.0,,,,,,,,,,,,,,,,,,,,,,,,,,,,,,,,,,,,,,,,,,,,,,,,,,,,,,,,,,,,,,,,,,,,,,,,,,,,,,
2023-12-08,2.559000015258789,2.609999895095825,2.5380001068115234,2.5810000896453857,2.5810000896453857,190998.0,,,,,,,,,,,,,,,,,,,,,,,,,,,,,,,,,,,,,,,,,,,,,,,,,,,,,,,,,,,,,,,,,,,,,,,,,,,,,,
2023-12-11,2.490000009536743,2.490000009536743,2.2939999103546143,2.430999994277954,2.430999994277954,330300.0,,,,,,,,,,,,,,,,,,,,,,,,,,,,,,,,,,,,,,,,,,,,,,,,,,,,,,,,,,,,,,,,,,,,,,,,,,,,,,
2023-12-12,2.437999963760376,2.4609999656677246,2.276000022888184,2.311000108718872,2.311000108718872,223455.0,,,,,,,,,,,,,,,,,,,,,,,,,,,,,,,,,,,,,,,,,,,,,,,,,,,,,,,,,,,,,,,,,,,,,,,,,,,,,,
2023-12-13,2.2780001163482666,2.384999990463257,2.234999895095825,2.3350000381469727,2.3350000381469727,255188.0,,,,,,,,,,,,,,,,,,,,,,,,,,,,,,,,,,,,,,,,,,,,,,,,,,,,,,,,,,,,,,,,,,,,,,,,,,,,,,
2023-12-14,2.352999925613404,2.421999931335449,2.328000068664551,2.3919999599456787,2.3919999599456787,159486.0,,,,,,,,,,,,,,,,,,,,,,,,,,,,,,,,,,,,,,,,,,,,,,,,,,,,,,,,,,,,,,,,,,,,,,,,,,,,,,
2023-12-15,2.407999992370605,2.5439999103546143,2.380000114440918,2.490999937057495,2.490999937057495,189244.0,,,,,,,,,,,,,,,,,,,,,,,,,,,,,,,,,,,,,,,,,,,,,,,,,,,,,,,,,,,,,,,,,,,,,,,,,,,,,,
2023-12-18,2.503000020980835,2.5969998836517334,2.48799991607666,2.503000020980835,2.503000020980835,154295.0,,,,,,,,,,,,,,,,,,,,,,,,,,,,,,,,,,,,,,,,,,,,,,,,,,,,,,,,,,,,,,,,,,,,,,,,,,,,,,
2023-12-19,2.5190000534057617,2.565000057220459,2.384999990463257,2.492000102996826,2.492000102996826,170435.0,,,,,,,,,,,,,,,,,,,,,,,,,,,,,,,,,,,,,,,,,,,,,,,,,,,,,,,,,,,,,,,,,,,,,,,,,,,,,,
2023-12-20,2.556999921798706,2.5899999141693115,2.4100000858306885,2.447000026702881,2.447000026702881,125263.0,,,,,,,,,,,,,,,,,,,,,,,,,,,,,,,,,,,,,,,,,,,,,,,,,,,,,,,,,,,,,,,,,,,,,,,,,,,,,,
2023-12-21,2.427000045776367,2.6040000915527344,2.407999992370605,2.572000026702881,2.572000026702881,84545.0,,,,,,,,,,,,,,,,,,,,,,,,,,,,,,,,,,,,,,,,,,,,,,,,,,,,,,,,,,,,,,,,,,,,,,,,,,,,,,
2023-12-22,2.5840001106262207,2.619999885559082,2.5280001163482666,2.609999895095825,2.609999895095825,42835.0,,,,,,,,,,,,,,,,,,,,,,,,,,,,,,,,,,,,,,,,,,,,,,,,,,,,,,,,,,,,,,,,,,,,,,,,,,,,,,
2023-12-26,2.5450000762939453,2.5810000896453857,2.4539999961853027,2.549999952316284,2.549999952316284,50762.0,,,,,,,,,,,,,,,,,,,,,,,,,,,,,,,,,,,,,,,,,,,,,,,,,,,,,,,,,,,,,,,,,,,,,,,,,,,,,,
2023-12-27,2.5799999237060547,2.7219998836517334,2.562000036239624,2.61899995803833,2.61899995803833,129265.0,,,,,,,,,,,,,,,,,,,,,,,,,,,,,,,,,,,,,,,,,,,,,,,,,,,,,,,,,,,,,,,,,,,,,,,,,,,,,,
2023-12-28,2.4549999237060547,2.575999975204468,2.4119999408721924,2.556999921798706,2.556999921798706,116059.0,,,,,,,,,,,,,,,,,,,,,,,,,,,,,,,,,,,,,,,,,,,,,,,,,,,,,,,,,,,,,,,,,,,,,,,,,,,,,,
2023-12-29,2.5390000343322754,2.561000108718872,2.489000082015991,2.513999938964844,2.513999938964844,89598.0,,,,,,,,,,,,,,,,,,,,,,,,,,,,,,,,,,,,,,,,,,,,,,,,,,,,,,,,,,,,,,,,,,,,,,,,,,,,,,
2024-01-02,2.6050000190734863,2.674999952316284,2.5239999294281006,2.568000078201294,2.568000078201294,132454.0,,,,,,,,,,,,,,,,,,,,,,,,,,,,,,,,,,,,,,,,,,,,,,,,,,,,,,,,,,,,,,,,,,,,,,,,,,,,,,
2024-01-03,2.575000047683716,2.719000101089477,2.5369999408721924,2.6679999828338623,2.6679999828338623,166472.0,,,,,,,,,,,,,,,,,,,,,,,,,,,,,,,,,,,,,,,,,,,,,,,,,,,,,,,,,,,,,,,,,,,,,,,,,,,,,,
2024-01-04,2.687999963760376,2.86299991607666,2.680999994277954,2.821000099182129,2.821000099182129,206311.0,,,,,,,,,,,,,,,,,,,,,,,,,,,,,,,,,,,,,,,,,,,,,,,,,,,,,,,,,,,,,,,,,,,,,,,,,,,,,,
2024-01-05,2.845000028610229,2.9059998989105225,2.680999994277954,2.8929998874664307,2.8929998874664307,187503.0,,,,,,,,,,,,,,,,,,,,,,,,,,,,,,,,,,,,,,,,,,,,,,,,,,,,,,,,,,,,,,,,,,,,,,,,,,,,,,
2024-01-08,2.950000047683716,3.01200008392334,2.694000005722046,2.9800000190734863,2.9800000190734863,237672.0,,,,,,,,,,,,,,,,,,,,,,,,,,,,,,,,,,,,,,,,,,,,,,,,,,,,,,,,,,,,,,,,,,,,,,,,,,,,,,
2024-01-09,2.943000078201294,3.3919999599456787,2.884000062942505,3.190000057220459,3.190000057220459,351780.0,,,,,,,,,,,,,,,,,,,,,,,,,,,,,,,,,,,,,,,,,,,,,,,,,,,,,,,,,,,,,,,,,,,,,,,,,,,,,,
2024-01-10,3.1670000553131104,3.2260000705718994,2.9560000896453857,3.0390000343322754,3.0390000343322754,258013.0,,,,,,,,,,,,,,,,,,,,,,,,,,,,,,,,,,,,,,,,,,,,,,,,,,,,,,,,,,,,,,,,,,,,,,,,,,,,,,
2024-01-11,3.0290000438690186,3.2309999465942383,2.944999933242798,3.0969998836517334,3.0969998836517334,235033.0,,,,,,,,,,,,,,,,,,,,,,,,,,,,,,,,,,,,,,,,,,,,,,,,,,,,,,,,,,,,,,,,,,,,,,,,,,,,,,
2024-01-12,3.118000030517578,3.377000093460083,3.101999998092652,3.312999963760376,3.312999963760376,265883.0,,,,,,,,,,,,,,,,,,,,,,,,,,,,,,,,,,,,,,,,,,,,,,,,,,,,,,,,,,,,,,,,,,,,,,,,,,,,,,
2024-01-16,3.11299991607666,3.188999891281128,2.822000026702881,2.900000095367432,2.900000095367432,228164.0,,,,,,,,,,,,,,,,,,,,,,,,,,,,,,,,,,,,,,,,,,,,,,,,,,,,,,,,,,,,,,,,,,,,,,,,,,,,,,
2024-01-17,2.8429999351501465,2.9579999446868896,2.75600004196167,2.869999885559082,2.869999885559082,150330.0,,,,,,,,,,,,,,,,,,,,,,,,,,,,,,,,,,,,,,,,,,,,,,,,,,,,,,,,,,,,,,,,,,,,,,,,,,,,,,
2024-01-18,2.875999927520752,2.9600000381469727,2.66599988937378,2.697000026702881,2.697000026702881,151819.0,,,,,,,,,,,,,,,,,,,,,,,,,,,,,,,,,,,,,,,,,,,,,,,,,,,,,,,,,,,,,,,,,,,,,,,,,,,,,,
2024-01-19,2.711999893188477,2.71399998664856,2.513999938964844,2.5190000534057617,2.5190000534057617,138427.0,,,,,,,,,,,,,,,,,,,,,,,,,,,,,,,,,,,,,,,,,,,,,,,,,,,,,,,,,,,,,,,,,,,,,,,,,,,,,,
2024-01-22,2.380000114440918,2.470000028610229,2.311000108718872,2.4189999103546143,2.4189999103546143,121583.0,,,,,,,,,,,,,,,,,,,,,,,,,,,,,,,,,,,,,,,,,,,,,,,,,,,,,,,,,,,,,,,,,,,,,,,,,,,,,,
2024-01-23,2.437000036239624,2.49399995803833,2.325000047683716,2.450000047683716,2.450000047683716,69155.0,,,,,,,,,,,,,,,,,,,,,,,,,,,,,,,,,,,,,,,,,,,,,,,,,,,,,,,,,,,,,,,,,,,,,,,,,,,,,,
2024-01-24,2.497999906539917,2.696000099182129,2.494999885559082,2.6410000324249268,2.6410000324249268,65497.0,,,,,,,,,,,,,,,,,,,,,,,,,,,,,,,,,,,,,,,,,,,,,,,,,,,,,,,,,,,,,,,,,,,,,,,,,,,,,,
2024-01-25,2.683000087738037,2.884000062942505,2.526000022888184,2.571000099182129,2.571000099182129,44984.0,,,,,,,,,,,,,,,,,,,,,,,,,,,,,,,,,,,,,,,,,,,,,,,,,,,,,,,,,,,,,,,,,,,,,,,,,,,,,,
2024-01-26,2.6070001125335693,2.803999900817871,2.424000024795532,2.711999893188477,2.711999893188477,73015.0,,,,,,,,,,,,,,,,,,,,,,,,,,,,,,,,,,,,,,,,,,,,,,,,,,,,,,,,,,,,,,,,,,,,,,,,,,,,,,
2024-01-29,2.680000066757202,2.759999990463257,2.4110000133514404,2.490000009536743,2.490000009536743,164621.0,,,,,,,,,,,,,,,,,,,,,,,,,,,,,,,,,,,,,,,,,,,,,,,,,,,,,,,,,,,,,,,,,,,,,,,,,,,,,,
2024-01-30,2.059999942779541,2.11899995803833,2.0460000038146973,2.07699990272522,2.07699990272522,139745.0,,,,,,,,,,,,,,,,,,,,,,,,,,,,,,,,,,,,,,,,,,,,,,,,,,,,,,,,,,,,,,,,,,,,,,,,,,,,,,
2024-01-31,2.0899999141693115,2.157999992370605,2.0369999408721924,2.0999999046325684,2.0999999046325684,142856.0,,,,,,,,,,,,,,,,,,,,,,,,,,,,,,,,,,,,,,,,,,,,,,,,,,,,,,,,,,,,,,,,,,,,,,,,,,,,,,
2024-02-01,2.134000062942505,2.1679999828338623,2.032999992370605,2.049999952316284,2.049999952316284,161340.0,,,,,,,,,,,,,,,,,,,,,,,,,,,,,,,,,,,,,,,,,,,,,,,,,,,,,,,,,,,,,,,,,,,,,,,,,,,,,,
2024-02-02,2.053999900817871,2.0999999046325684,2.0209999084472656,2.0789999961853027,2.0789999961853027,125062.0,,,,,,,,,,,,,,,,,,,,,,,,,,,,,,,,,,,,,,,,,,,,,,,,,,,,,,,,,,,,,,,,,,,,,,,,,,,,,,
2024-02-05,2.109999895095825,2.127000093460083,2.04099988937378,2.0820000171661377,2.0820000171661377,136031.0,,,,,,,,,,,,,,,,,,,,,,,,,,,,,,,,,,,,,,,,,,,,,,,,,,,,,,,,,,,,,,,,,,,,,,,,,,,,,,
2024-02-06,2.068000078201294,2.101999998092652,1.996999979019165,2.009000062942505,2.009000062942505,137680.0,,,,,,,,,,,,,,,,,,,,,,,,,,,,,,,,,,,,,,,,,,,,,,,,,,,,,,,,,,,,,,,,,,,,,,,,,,,,,,
2024-02-07,2.003000020980835,2.039999961853028,1.955999970436096,1.9670000076293943,1.9670000076293943,204064.0,,,,,,,,,,,,,,,,,,,,,,,,,,,,,,,,,,,,,,,,,,,,,,,,,,,,,,,,,,,,,,,,,,,,,,,,,,,,,,
2024-02-08,1.9700000286102293,1.993000030517578,1.8669999837875368,1.9170000553131104,1.9170000553131104,237169.0,,,,,,,,,,,,,,,,,,,,,,,,,,,,,,,,,,,,,,,,,,,,,,,,,,,,,,,,,,,,,,,,,,,,,,,,,,,,,,
2024-02-09,1.8849999904632568,1.8849999904632568,1.8170000314712524,1.847000002861023,1.847000002861023,247314.0,,,,,,,,,,,,,,,,,,,,,,,,,,,,,,,,,,,,,,,,,,,,,,,,,,,,,,,,,,,,,,,,,,,,,,,,,,,,,,
2024-02-12,1.8049999475479128,1.8630000352859497,1.7319999933242798,1.7680000066757202,1.7680000066757202,242152.0,,,,,,,,,,,,,,,,,,,,,,,,,,,,,,,,,,,,,,,,,,,,,,,,,,,,,,,,,,,,,,,,,,,,,,,,,,,,,,
2024-02-13,1.753999948501587,1.7860000133514404,1.6540000438690186,1.6890000104904177,1.6890000104904177,286586.0,,,,,,,,,,,,,,,,,,,,,,,,,,,,,,,,,,,,,,,,,,,,,,,,,,,,,,,,,,,,,,,,,,,,,,,,,,,,,,
2024-02-14,1.6690000295639038,1.684999942779541,1.590000033378601,1.6089999675750732,1.6089999675750732,208956.0,,,,,,,,,,,,,,,,,,,,,,,,,,,,,,,,,,,,,,,,,,,,,,,,,,,,,,,,,,,,,,,,,,,,,,,,,,,,,,
2024-02-15,1.6109999418258667,1.6690000295639038,1.5729999542236328,1.5809999704360962,1.5809999704360962,183342.0,,,,,,,,,,,,,,,,,,,,,,,,,,,,,,,,,,,,,,,,,,,,,,,,,,,,,,,,,,,,,,,,,,,,,,,,,,,,,,
2024-02-16,1.5889999866485596,1.6369999647140503,1.5750000476837158,1.6089999675750732,1.6089999675750732,170384.0,,,,,,,,,,,,,,,,,,,,,,,,,,,,,,,,,,,,,,,,,,,,,,,,,,,,,,,,,,,,,,,,,,,,,,,,,,,,,,
2024-02-20,1.5329999923706057,1.7089999914169312,1.5219999551773071,1.5759999752044678,1.5759999752044678,201471.0,,,,,,,,,,,,,,,,,,,,,,,,,,,,,,,,,,,,,,,,,,,,,,,,,,,,,,,,,,,,,,,,,,,,,,,,,,,,,,
2024-02-21,1.718999981880188,1.7920000553131104,1.6770000457763672,1.7730000019073486,1.7730000019073486,170658.0,,,,,,,,,,,,,,,,,,,,,,,,,,,,,,,,,,,,,,,,,,,,,,,,,,,,,,,,,,,,,,,,,,,,,,,,,,,,,,
2024-02-22,1.784000039100647,1.784000039100647,1.6610000133514404,1.7319999933242798,1.7319999933242798,87803.0,,,,,,,,,,,,,,,,,,,,,,,,,,,,,,,,,,,,,,,,,,,,,,,,,,,,,,,,,,,,,,,,,,,,,,,,,,,,,,
2024-02-23,1.722000002861023,1.722000002861023,1.5809999704360962,1.6030000448226929,1.6030000448226929,47590.0,,,,,,,,,,,,,,,,,,,,,,,,,,,,,,,,,,,,,,,,,,,,,,,,,,,,,,,,,,,,,,,,,,,,,,,,,,,,,,
2024-02-26,1.659999966621399,1.7300000190734863,1.593999981880188,1.659000039100647,1.659000039100647,110505.0,,,,,,,,,,,,,,,,,,,,,,,,,,,,,,,,,,,,,,,,,,,,,,,,,,,,,,,,,,,,,,,,,,,,,,,,,,,,,,
2024-02-27,1.625,1.7200000286102295,1.5110000371932983,1.6150000095367432,1.6150000095367432,179943.0,,,,,,,,,,,,,,,,,,,,,,,,,,,,,,,,,,,,,,,,,,,,,,,,,,,,,,,,,,,,,,,,,,,,,,,,,,,,,,
2024-02-28,1.8170000314712524,1.906000018119812,1.781999945640564,1.8849999904632568,1.8849999904632568,149429.0,,,,,,,,,,,,,,,,,,,,,,,,,,,,,,,,,,,,,,,,,,,,,,,,,,,,,,,,,,,,,,,,,,,,,,,,,,,,,,
2024-02-29,1.868000030517578,1.9179999828338623,1.8289999961853027,1.8600000143051147,1.8600000143051147,141543.0,,,,,,,,,,,,,,,,,,,,,,,,,,,,,,,,,,,,,,,,,,,,,,,,,,,,,,,,,,,,,,,,,,,,,,,,,,,,,,
2024-03-01,1.851999998092652,1.888000011444092,1.809999942779541,1.8350000381469729,1.8350000381469729,105501.0,,,,,,,,,,,,,,,,,,,,,,,,,,,,,,,,,,,,,,,,,,,,,,,,,,,,,,,,,,,,,,,,,,,,,,,,,,,,,,
2024-03-04,1.8730000257492063,1.9889999628067017,1.870000004768372,1.9160000085830688,1.9160000085830688,185412.0,,,,,,,,,,,,,,,,,,,,,,,,,,,,,,,,,,,,,,,,,,,,,,,,,,,,,,,,,,,,,,,,,,,,,,,,,,,,,,
2024-03-05,1.9279999732971191,2.009000062942505,1.8899999856948853,1.9570000171661377,1.9570000171661377,142113.0,,,,,,,,,,,,,,,,,,,,,,,,,,,,,,,,,,,,,,,,,,,,,,,,,,,,,,,,,,,,,,,,,,,,,,,,,,,,,,
2024-03-06,1.950000047683716,1.9830000400543213,1.9210000038146973,1.9290000200271609,1.9290000200271609,107219.0,,,,,,,,,,,,,,,,,,,,,,,,,,,,,,,,,,,,,,,,,,,,,,,,,,,,,,,,,,,,,,,,,,,,,,,,,,,,,,
2024-03-07,1.9290000200271609,1.955000042915344,1.781999945640564,1.8179999589920044,1.8179999589920044,173658.0,,,,,,,,,,,,,,,,,,,,,,,,,,,,,,,,,,,,,,,,,,,,,,,,,,,,,,,,,,,,,,,,,,,,,,,,,,,,,,
2024-03-08,1.7960000038146973,1.837000012397766,1.7549999952316284,1.8049999475479128,1.8049999475479128,143794.0,,,,,,,,,,,,,,,,,,,,,,,,,,,,,,,,,,,,,,,,,,,,,,,,,,,,,,,,,,,,,,,,,,,,,,,,,,,,,,
2024-03-11,1.8049999475479128,1.840999960899353,1.746000051498413,1.758999943733215,1.758999943733215,159954.0,,,,,,,,,,,,,,,,,,,,,,,,,,,,,,,,,,,,,,,,,,,,,,,,,,,,,,,,,,,,,,,,,,,,,,,,,,,,,,
2024-03-12,1.7580000162124634,1.8229999542236328,1.690999984741211,1.7139999866485596,1.7139999866485596,199589.0,,,,,,,,,,,,,,,,,,,,,,,,,,,,,,,,,,,,,,,,,,,,,,,,,,,,,,,,,,,,,,,,,,,,,,,,,,,,,,
2024-03-13,1.7130000591278076,1.7170000076293943,1.6510000228881836,1.6579999923706057,1.6579999923706057,176633.0,,,,,,,,,,,,,,,,,,,,,,,,,,,,,,,,,,,,,,,,,,,,,,,,,,,,,,,,,,,,,,,,,,,,,,,,,,,,,,
2024-03-14,1.6679999828338623,1.7669999599456787,1.6430000066757202,1.741000056266785,1.741000056266785,168141.0,,,,,,,,,,,,,,,,,,,,,,,,,,,,,,,,,,,,,,,,,,,,,,,,,,,,,,,,,,,,,,,,,,,,,,,,,,,,,,
2024-03-15,1.756999969482422,1.77400004863739,1.6460000276565552,1.6549999713897705,1.6549999713897705,154729.0,,,,,,,,,,,,,,,,,,,,,,,,,,,,,,,,,,,,,,,,,,,,,,,,,,,,,,,,,,,,,,,,,,,,,,,,,,,,,,
2024-03-18,1.6890000104904177,1.7619999647140503,1.684000015258789,1.7029999494552612,1.7029999494552612,137349.0,,,,,,,,,,,,,,,,,,,,,,,,,,,,,,,,,,,,,,,,,,,,,,,,,,,,,,,,,,,,,,,,,,,,,,,,,,,,,,
2024-03-19,1.7170000076293943,1.7690000534057615,1.7009999752044678,1.74399995803833,1.74399995803833,128064.0,,,,,,,,,,,,,,,,,,,,,,,,,,,,,,,,,,,,,,,,,,,,,,,,,,,,,,,,,,,,,,,,,,,,,,,,,,,,,,
2024-03-20,1.75,1.7649999856948853,1.6859999895095823,1.6990000009536743,1.6990000009536743,115068.0,,,,,,,,,,,,,,,,,,,,,,,,,,,,,,,,,,,,,,,,,,,,,,,,,,,,,,,,,,,,,,,,,,,,,,,,,,,,,,
2024-03-21,1.6990000009536743,1.7130000591278076,1.6510000228881836,1.6829999685287476,1.6829999685287476,77701.0,,,,,,,,,,,,,,,,,,,,,,,,,,,,,,,,,,,,,,,,,,,,,,,,,,,,,,,,,,,,,,,,,,,,,,,,,,,,,,
2024-03-22,1.684000015258789,1.712000012397766,1.6469999551773071,1.659000039100647,1.659000039100647,44514.0,,,,,,,,,,,,,,,,,,,,,,,,,,,,,,,,,,,,,,,,,,,,,,,,,,,,,,,,,,,,,,,,,,,,,,,,,,,,,,
2024-03-25,1.6640000343322754,1.6749999523162842,1.5889999866485596,1.6150000095367432,1.6150000095367432,84776.0,,,,,,,,,,,,,,,,,,,,,,,,,,,,,,,,,,,,,,,,,,,,,,,,,,,,,,,,,,,,,,,,,,,,,,,,,,,,,,
2024-03-26,1.6080000400543213,1.6469999551773071,1.4809999465942385,1.5750000476837158,1.5750000476837158,123173.0,,,,,,,,,,,,,,,,,,,,,,,,,,,,,,,,,,,,,,,,,,,,,,,,,,,,,,,,,,,,,,,,,,,,,,,,,,,,,,
2024-03-27,1.7890000343322754,1.7890000343322754,1.7039999961853027,1.718000054359436,1.718000054359436,144888.0,,,,,,,,,,,,,,,,,,,,,,,,,,,,,,,,,,,,,,,,,,,,,,,,,,,,,,,,,,,,,,,,,,,,,,,,,,,,,,
2024-03-28,1.7170000076293943,1.7860000133514404,1.6859999895095823,1.7630000114440918,1.7630000114440918,155745.0,,,,,,,,,,,,,,,,,,,,,,,,,,,,,,,,,,,,,,,,,,,,,,,,,,,,,,,,,,,,,,,,,,,,,,,,,,,,,,
2024-04-01,1.7549999952316284,1.8530000448226929,1.7059999704360962,1.837000012397766,1.837000012397766,169145.0,,,,,,,,,,,,,,,,,,,,,,,,,,,,,,,,,,,,,,,,,,,,,,,,,,,,,,,,,,,,,,,,,,,,,,,,,,,,,,
2024-04-02,1.837000012397766,1.88100004196167,1.777999997138977,1.861999988555908,1.861999988555908,170434.0,,,,,,,,,,,,,,,,,,,,,,,,,,,,,,,,,,,,,,,,,,,,,,,,,,,,,,,,,,,,,,,,,,,,,,,,,,,,,,
2024-04-03,1.851999998092652,1.906000018119812,1.8359999656677248,1.840999960899353,1.840999960899353,133034.0,,,,,,,,,,,,,,,,,,,,,,,,,,,,,,,,,,,,,,,,,,,,,,,,,,,,,,,,,,,,,,,,,,,,,,,,,,,,,,
2024-04-04,1.843999981880188,1.8530000448226929,1.7690000534057615,1.77400004863739,1.77400004863739,179437.0,,,,,,,,,,,,,,,,,,,,,,,,,,,,,,,,,,,,,,,,,,,,,,,,,,,,,,,,,,,,,,,,,,,,,,,,,,,,,,
2024-04-05,1.7790000438690186,1.8229999542236328,1.7549999952316284,1.784999966621399,1.784999966621399,191179.0,,,,,,,,,,,,,,,,,,,,,,,,,,,,,,,,,,,,,,,,,,,,,,,,,,,,,,,,,,,,,,,,,,,,,,,,,,,,,,
2024-04-08,1.7699999809265137,1.850000023841858,1.746000051498413,1.843999981880188,1.843999981880188,216676.0,,,,,,,,,,,,,,,,,,,,,,,,,,,,,,,,,,,,,,,,,,,,,,,,,,,,,,,,,,,,,,,,,,,,,,,,,,,,,,
2024-04-09,1.847000002861023,1.924000024795532,1.838000059127808,1.871999979019165,1.871999979019165,215016.0,,,,,,,,,,,,,,,,,,,,,,,,,,,,,,,,,,,,,,,,,,,,,,,,,,,,,,,,,,,,,,,,,,,,,,,,,,,,,,
2024-04-10,1.888000011444092,1.9429999589920044,1.8669999837875368,1.8849999904632568,1.8849999904632568,174388.0,,,,,,,,,,,,,,,,,,,,,,,,,,,,,,,,,,,,,,,,,,,,,,,,,,,,,,,,,,,,,,,,,,,,,,,,,,,,,,
2024-04-11,1.8739999532699585,1.8919999599456787,1.753999948501587,1.7640000581741333,1.7640000581741333,230318.0,,,,,,,,,,,,,,,,,,,,,,,,,,,,,,,,,,,,,,,,,,,,,,,,,,,,,,,,,,,,,,,,,,,,,,,,,,,,,,
2024-04-12,1.7669999599456787,1.784999966621399,1.7309999465942385,1.7699999809265137,1.7699999809265137,162917.0,,,,,,,,,,,,,,,,,,,,,,,,,,,,,,,,,,,,,,,,,,,,,,,,,,,,,,,,,,,,,,,,,,,,,,,,,,,,,,
2024-04-15,1.7719999551773071,1.7920000553131104,1.6779999732971191,1.690999984741211,1.690999984741211,170569.0,,,,,,,,,,,,,,,,,,,,,,,,,,,,,,,,,,,,,,,,,,,,,,,,,,,,,,,,,,,,,,,,,,,,,,,,,,,,,,
2024-04-16,1.6950000524520874,1.8020000457763672,1.64900004863739,1.7319999933242798,1.7319999933242798,231556.0,,,,,,,,,,,,,,,,,,,,,,,,,,,,,,,,,,,,,,,,,,,,,,,,,,,,,,,,,,,,,,,,,,,,,,,,,,,,,,
2024-04-17,1.6799999475479126,1.7239999771118164,1.659999966621399,1.712000012397766,1.712000012397766,152348.0,,,,,,,,,,,,,,,,,,,,,,,,,,,,,,,,,,,,,,,,,,,,,,,,,,,,,,,,,,,,,,,,,,,,,,,,,,,,,,
2024-04-18,1.722000002861023,1.7799999713897705,1.7130000591278076,1.756999969482422,1.756999969482422,160729.0,,,,,,,,,,,,,,,,,,,,,,,,,,,,,,,,,,,,,,,,,,,,,,,,,,,,,,,,,,,,,,,,,,,,,,,,,,,,,,
2024-04-19,1.741000056266785,1.805999994277954,1.7239999771118164,1.7519999742507937,1.7519999742507937,154111.0,,,,,,,,,,,,,,,,,,,,,,,,,,,,,,,,,,,,,,,,,,,,,,,,,,,,,,,,,,,,,,,,,,,,,,,,,,,,,,
2024-04-22,1.7649999856948853,1.7999999523162842,1.7209999561309814,1.7910000085830688,1.7910000085830688,107242.0,,,,,,,,,,,,,,,,,,,,,,,,,,,,,,,,,,,,,,,,,,,,,,,,,,,,,,,,,,,,,,,,,,,,,,,,,,,,,,
2024-04-23,1.7979999780654907,1.8480000495910645,1.7450000047683716,1.812000036239624,1.812000036239624,71346.0,,,,,,,,,,,,,,,,,,,,,,,,,,,,,,,,,,,,,,,,,,,,,,,,,,,,,,,,,,,,,,,,,,,,,,,,,,,,,,
2024-04-24,1.8359999656677248,1.840000033378601,1.633999943733215,1.652999997138977,1.652999997138977,58154.0,,,,,,,,,,,,,,,,,,,,,,,,,,,,,,,,,,,,,,,,,,,,,,,,,,,,,,,,,,,,,,,,,,,,,,,,,,,,,,
2024-04-25,1.6440000534057615,1.6749999523162842,1.5829999446868896,1.6380000114440918,1.6380000114440918,75479.0,,,,,,,,,,,,,,,,,,,,,,,,,,,,,,,,,,,,,,,,,,,,,,,,,,,,,,,,,,,,,,,,,,,,,,,,,,,,,,
2024-04-26,1.621999979019165,1.628000020980835,1.4819999933242798,1.6139999628067017,1.6139999628067017,119516.0,,,,,,,,,,,,,,,,,,,,,,,,,,,,,,,,,,,,,,,,,,,,,,,,,,,,,,,,,,,,,,,,,,,,,,,,,,,,,,
2024-04-29,1.9229999780654907,2.055999994277954,1.9160000085830688,2.0299999713897705,2.0299999713897705,158855.0,,,,,,,,,,,,,,,,,,,,,,,,,,,,,,,,,,,,,,,,,,,,,,,,,,,,,,,,,,,,,,,,,,,,,,,,,,,,,,
2024-04-30,2.049999952316284,2.0920000076293945,1.950999975204468,1.991000056266785,1.991000056266785,150370.0,,,,,,,,,,,,,,,,,,,,,,,,,,,,,,,,,,,,,,,,,,,,,,,,,,,,,,,,,,,,,,,,,,,,,,,,,,,,,,
2024-05-01,1.9539999961853027,1.9700000286102293,1.9129999876022337,1.932000041007996,1.932000041007996,135918.0,,,,,,,,,,,,,,,,,,,,,,,,,,,,,,,,,,,,,,,,,,,,,,,,,,,,,,,,,,,,,,,,,,,,,,,,,,,,,,
2024-05-02,1.930999994277954,2.049999952316284,1.9270000457763672,2.0350000858306885,2.0350000858306885,153739.0,,,,,,,,,,,,,,,,,,,,,,,,,,,,,,,,,,,,,,,,,,,,,,,,,,,,,,,,,,,,,,,,,,,,,,,,,,,,,,
2024-05-03,2.0309998989105225,2.1600000858306885,2.01200008392334,2.1419999599456787,2.1419999599456787,209456.0,,,,,,,,,,,,,,,,,,,,,,,,,,,,,,,,,,,,,,,,,,,,,,,,,,,,,,,,,,,,,,,,,,,,,,,,,,,,,,
2024-05-06,2.1700000762939453,2.26200008392334,2.132999897003174,2.194999933242798,2.194999933242798,196381.0,,,,,,,,,,,,,,,,,,,,,,,,,,,,,,,,,,,,,,,,,,,,,,,,,,,,,,,,,,,,,,,,,,,,,,,,,,,,,,
2024-05-07,2.2060000896453857,2.2300000190734863,2.1419999599456787,2.2070000171661377,2.2070000171661377,149430.0,,,,,,,,,,,,,,,,,,,,,,,,,,,,,,,,,,,,,,,,,,,,,,,,,,,,,,,,,,,,,,,,,,,,,,,,,,,,,,
2024-05-08,2.219000101089477,2.2739999294281006,2.1670000553131104,2.187000036239624,2.187000036239624,149910.0,,,,,,,,,,,,,,,,,,,,,,,,,,,,,,,,,,,,,,,,,,,,,,,,,,,,,,,,,,,,,,,,,,,,,,,,,,,,,,
2024-05-09,2.186000108718872,2.315999984741211,2.1530001163482666,2.3010001182556152,2.3010001182556152,207677.0,,,,,,,,,,,,,,,,,,,,,,,,,,,,,,,,,,,,,,,,,,,,,,,,,,,,,,,,,,,,,,,,,,,,,,,,,,,,,,
2024-05-10,2.306999921798706,2.344000101089477,2.242000102996826,2.252000093460083,2.252000093460083,142992.0,,,,,,,,,,,,,,,,,,,,,,,,,,,,,,,,,,,,,,,,,,,,,,,,,,,,,,,,,,,,,,,,,,,,,,,,,,,,,,
2024-05-13,2.25,2.384000062942505,2.21399998664856,2.38100004196167,2.38100004196167,164690.0,,,,,,,,,,,,,,,,,,,,,,,,,,,,,,,,,,,,,,,,,,,,,,,,,,,,,,,,,,,,,,,,,,,,,,,,,,,,,,
2024-05-14,2.361999988555908,2.3970000743865967,2.305999994277954,2.344000101089477,2.344000101089477,147573.0,,,,,,,,,,,,,,,,,,,,,,,,,,,,,,,,,,,,,,,,,,,,,,,,,,,,,,,,,,,,,,,,,,,,,,,,,,,,,,
2024-05-15,2.3429999351501465,2.424000024795532,2.312999963760376,2.41599988937378,2.41599988937378,180743.0,,,,,,,,,,,,,,,,,,,,,,,,,,,,,,,,,,,,,,,,,,,,,,,,,,,,,,,,,,,,,,,,,,,,,,,,,,,,,,
2024-05-16,2.4049999713897705,2.575000047683716,2.388999938964844,2.494999885559082,2.494999885559082,229617.0,,,,,,,,,,,,,,,,,,,,,,,,,,,,,,,,,,,,,,,,,,,,,,,,,,,,,,,,,,,,,,,,,,,,,,,,,,,,,,
2024-05-17,2.486999988555908,2.6540000438690186,2.484999895095825,2.625999927520752,2.625999927520752,185798.0,,,,,,,,,,,,,,,,,,,,,,,,,,,,,,,,,,,,,,,,,,,,,,,,,,,,,,,,,,,,,,,,,,,,,,,,,,,,,,
2024-05-20,2.6589999198913574,2.75600004196167,2.625,2.750999927520752,2.750999927520752,211255.0,,,,,,,,,,,,,,,,,,,,,,,,,,,,,,,,,,,,,,,,,,,,,,,,,,,,,,,,,,,,,,,,,,,,,,,,,,,,,,
2024-05-21,2.7330000400543213,2.7980000972747803,2.640000104904175,2.6710000038146973,2.6710000038146973,174162.0,,,,,,,,,,,,,,,,,,,,,,,,,,,,,,,,,,,,,,,,,,,,,,,,,,,,,,,,,,,,,,,,,,,,,,,,,,,,,,
2024-05-22,2.664999961853028,2.8510000705718994,2.608999967575073,2.8420000076293945,2.8420000076293945,184820.0,,,,,,,,,,,,,,,,,,,,,,,,,,,,,,,,,,,,,,,,,,,,,,,,,,,,,,,,,,,,,,,,,,,,,,,,,,,,,,
2024-05-23,2.799000024795532,2.924000024795532,2.640000104904175,2.657000064849853,2.657000064849853,116689.0,,,,,,,,,,,,,,,,,,,,,,,,,,,,,,,,,,,,,,,,,,,,,,,,,,,,,,,,,,,,,,,,,,,,,,,,,,,,,,
2024-05-24,2.6760001182556152,2.7090001106262207,2.493000030517578,2.5199999809265137,2.5199999809265137,51814.0,,,,,,,,,,,,,,,,,,,,,,,,,,,,,,,,,,,,,,,,,,,,,,,,,,,,,,,,,,,,,,,,,,,,,,,,,,,,,,
2024-05-28,2.503000020980835,2.621000051498413,2.4749999046325684,2.5899999141693115,2.5899999141693115,86031.0,,,,,,,,,,,,,,,,,,,,,,,,,,,,,,,,,,,,,,,,,,,,,,,,,,,,,,,,,,,,,,,,,,,,,,,,,,,,,,
2024-05-29,2.594000101089477,2.6689999103546143,2.4170000553131104,2.493000030517578,2.493000030517578,161403.0,,,,,,,,,,,,,,,,,,,,,,,,,,,,,,,,,,,,,,,,,,,,,,,,,,,,,,,,,,,,,,,,,,,,,,,,,,,,,,
2024-05-30,2.6619999408721924,2.681999921798706,2.562000036239624,2.572000026702881,2.572000026702881,160060.0,,,,,,,,,,,,,,,,,,,,,,,,,,,,,,,,,,,,,,,,,,,,,,,,,,,,,,,,,,,,,,,,,,,,,,,,,,,,,,
2024-05-31,2.569999933242798,2.624000072479248,2.5179998874664307,2.586999893188477,2.586999893188477,139119.0,,,,,,,,,,,,,,,,,,,,,,,,,,,,,,,,,,,,,,,,,,,,,,,,,,,,,,,,,,,,,,,,,,,,,,,,,,,,,,
2024-06-03,2.6449999809265137,2.799000024795532,2.628000020980835,2.75600004196167,2.75600004196167,233692.0,,,,,,,,,,,,,,,,,,,,,,,,,,,,,,,,,,,,,,,,,,,,,,,,,,,,,,,,,,,,,,,,,,,,,,,,,,,,,,
2024-06-04,2.7720000743865967,2.8289999961853027,2.572999954223633,2.5859999656677246,2.5859999656677246,221922.0,,,,,,,,,,,,,,,,,,,,,,,,,,,,,,,,,,,,,,,,,,,,,,,,,,,,,,,,,,,,,,,,,,,,,,,,,,,,,,
2024-06-05,2.617000102996826,2.7869999408721924,2.6050000190734863,2.756999969482422,2.756999969482422,201665.0,,,,,,,,,,,,,,,,,,,,,,,,,,,,,,,,,,,,,,,,,,,,,,,,,,,,,,,,,,,,,,,,,,,,,,,,,,,,,,
2024-06-06,2.76200008392334,2.877000093460083,2.7239999771118164,2.821000099182129,2.821000099182129,194237.0,,,,,,,,,,,,,,,,,,,,,,,,,,,,,,,,,,,,,,,,,,,,,,,,,,,,,,,,,,,,,,,,,,,,,,,,,,,,,,
2024-06-07,2.813999891281128,2.9670000076293945,2.79099988937378,2.9179999828338623,2.9179999828338623,209110.0,,,,,,,,,,,,,,,,,,,,,,,,,,,,,,,,,,,,,,,,,,,,,,,,,,,,,,,,,,,,,,,,,,,,,,,,,,,,,,
2024-06-10,2.9800000190734863,3.095999956130981,2.861999988555908,2.9059998989105225,2.9059998989105225,269719.0,,,,,,,,,,,,,,,,,,,,,,,,,,,,,,,,,,,,,,,,,,,,,,,,,,,,,,,,,,,,,,,,,,,,,,,,,,,,,,
2024-06-11,2.984999895095825,3.1589999198913574,2.9660000801086426,3.128999948501587,3.128999948501587,227818.0,,,,,,,,,,,,,,,,,,,,,,,,,,,,,,,,,,,,,,,,,,,,,,,,,,,,,,,,,,,,,,,,,,,,,,,,,,,,,,
2024-06-12,3.130000114440918,3.131999969482422,2.994999885559082,3.0450000762939453,3.0450000762939453,224795.0,,,,,,,,,,,,,,,,,,,,,,,,,,,,,,,,,,,,,,,,,,,,,,,,,,,,,,,,,,,,,,,,,,,,,,,,,,,,,,
2024-06-13,3.0280001163482666,3.0910000801086426,2.8980000019073486,2.9590001106262207,2.9590001106262207,209730.0,,,,,,,,,,,,,,,,,,,,,,,,,,,,,,,,,,,,,,,,,,,,,,,,,,,,,,,,,,,,,,,,,,,,,,,,,,,,,,
2024-06-14,2.9210000038146973,3.0,2.869999885559082,2.88100004196167,2.88100004196167,154123.0,,,,,,,,,,,,,,,,,,,,,,,,,,,,,,,,,,,,,,,,,,,,,,,,,,,,,,,,,,,,,,,,,,,,,,,,,,,,,,
2024-06-17,2.845999956130981,2.8480000495910645,2.759000062942505,2.7880001068115234,2.7880001068115234,152241.0,,,,,,,,,,,,,,,,,,,,,,,,,,,,,,,,,,,,,,,,,,,,,,,,,,,,,,,,,,,,,,,,,,,,,,,,,,,,,,
2024-06-18,2.7720000743865967,2.91599988937378,2.7720000743865967,2.9089999198913574,2.9089999198913574,147414.0,,,,,,,,,,,,,,,,,,,,,,,,,,,,,,,,,,,,,,,,,,,,,,,,,,,,,,,,,,,,,,,,,,,,,,,,,,,,,,
2024-06-20,2.9030001163482666,2.947999954223633,2.7230000495910645,2.740999937057495,2.740999937057495,186686.0,,,,,,,,,,,,,,,,,,,,,,,,,,,,,,,,,,,,,,,,,,,,,,,,,,,,,,,,,,,,,,,,,,,,,,,,,,,,,,
2024-06-21,2.7249999046325684,2.7699999809265137,2.671999931335449,2.7049999237060547,2.7049999237060547,79372.0,,,,,,,,,,,,,,,,,,,,,,,,,,,,,,,,,,,,,,,,,,,,,,,,,,,,,,,,,,,,,,,,,,,,,,,,,,,,,,
2024-06-24,2.6700000762939453,2.8340001106262207,2.634999990463257,2.811000108718872,2.811000108718872,45418.0,,,,,,,,,,,,,,,,,,,,,,,,,,,,,,,,,,,,,,,,,,,,,,,,,,,,,,,,,,,,,,,,,,,,,,,,,,,,,,
2024-06-25,2.815999984741211,2.844000101089477,2.6989998817443848,2.75600004196167,2.75600004196167,78233.0,,,,,,,,,,,,,,,,,,,,,,,,,,,,,,,,,,,,,,,,,,,,,,,,,,,,,,,,,,,,,,,,,,,,,,,,,,,,,,
2024-06-26,2.736999988555908,2.746000051498413,2.61299991607666,2.628000020980835,2.628000020980835,141345.0,,,,,,,,,,,,,,,,,,,,,,,,,,,,,,,,,,,,,,,,,,,,,,,,,,,,,,,,,,,,,,,,,,,,,,,,,,,,,,
2024-06-27,2.733999967575073,2.7839999198913574,2.6730000972747803,2.684999942779541,2.684999942779541,139995.0,,,,,,,,,,,,,,,,,,,,,,,,,,,,,,,,,,,,,,,,,,,,,,,,,,,,,,,,,,,,,,,,,,,,,,,,,,,,,,
2024-06-28,2.70199990272522,2.765000104904175,2.594000101089477,2.6010000705718994,2.6010000705718994,151326.0,,,,,,,,,,,,,,,,,,,,,,,,,,,,,,,,,,,,,,,,,,,,,,,,,,,,,,,,,,,,,,,,,,,,,,,,,,,,,,
2024-07-01,2.575999975204468,2.601999998092652,2.470999956130981,2.477999925613404,2.477999925613404,181931.0,,,,,,,,,,,,,,,,,,,,,,,,,,,,,,,,,,,,,,,,,,,,,,,,,,,,,,,,,,,,,,,,,,,,,,,,,,,,,,
2024-07-02,2.4760000705718994,2.483999967575073,2.414999961853028,2.434999942779541,2.434999942779541,154263.0,,,,,,,,,,,,,,,,,,,,,,,,,,,,,,,,,,,,,,,,,,,,,,,,,,,,,,,,,,,,,,,,,,,,,,,,,,,,,,
2024-07-03,2.4660000801086426,2.4800000190734863,2.4100000858306885,2.4179999828338623,2.4179999828338623,125894.0,,,,,,,,,,,,,,,,,,,,,,,,,,,,,,,,,,,,,,,,,,,,,,,,,,,,,,,,,,,,,,,,,,,,,,,,,,,,,,
2024-07-05,2.4210000038146973,2.440000057220459,2.315000057220459,2.319000005722046,2.319000005722046,156544.0,,,,,,,,,,,,,,,,,,,,,,,,,,,,,,,,,,,,,,,,,,,,,,,,,,,,,,,,,,,,,,,,,,,,,,,,,,,,,,
2024-07-08,2.2699999809265137,2.390000104904175,2.2679998874664307,2.365999937057495,2.365999937057495,162309.0,,,,,,,,,,,,,,,,,,,,,,,,,,,,,,,,,,,,,,,,,,,,,,,,,,,,,,,,,,,,,,,,,,,,,,,,,,,,,,
2024-07-09,2.372999906539917,2.447999954223633,2.3310000896453857,2.344000101089477,2.344000101089477,155187.0,,,,,,,,,,,,,,,,,,,,,,,,,,,,,,,,,,,,,,,,,,,,,,,,,,,,,,,,,,,,,,,,,,,,,,,,,,,,,,
2024-07-10,2.345999956130981,2.384999990463257,2.2920000553131104,2.3289999961853027,2.3289999961853027,146358.0,,,,,,,,,,,,,,,,,,,,,,,,,,,,,,,,,,,,,,,,,,,,,,,,,,,,,,,,,,,,,,,,,,,,,,,,,,,,,,
2024-07-11,2.325999975204468,2.3429999351501465,2.260999917984009,2.2679998874664307,2.2679998874664307,122365.0,,,,,,,,,,,,,,,,,,,,,,,,,,,,,,,,,,,,,,,,,,,,,,,,,,,,,,,,,,,,,,,,,,,,,,,,,,,,,,
2024-07-12,2.2669999599456787,2.3499999046325684,2.249000072479248,2.3289999961853027,2.3289999961853027,129723.0,,,,,,,,,,,,,,,,,,,,,,,,,,,,,,,,,,,,,,,,,,,,,,,,,,,,,,,,,,,,,,,,,,,,,,,,,,,,,,
2024-07-15,2.2730000019073486,2.2850000858306885,2.1470000743865967,2.157999992370605,2.157999992370605,189516.0,,,,,,,,,,,,,,,,,,,,,,,,,,,,,,,,,,,,,,,,,,,,,,,,,,,,,,,,,,,,,,,,,,,,,,,,,,,,,,
2024-07-16,2.1700000762939453,2.2179999351501465,2.1489999294281006,2.187999963760376,2.187999963760376,131219.0,,,,,,,,,,,,,,,,,,,,,,,,,,,,,,,,,,,,,,,,,,,,,,,,,,,,,,,,,,,,,,,,,,,,,,,,,,,,,,
2024-07-17,2.180999994277954,2.2079999446868896,2.015000104904175,2.0350000858306885,2.0350000858306885,212196.0,,,,,,,,,,,,,,,,,,,,,,,,,,,,,,,,,,,,,,,,,,,,,,,,,,,,,,,,,,,,,,,,,,,,,,,,,,,,,,
2024-07-18,2.046999931335449,2.134000062942505,2.0239999294281006,2.125,2.125,159464.0,,,,,,,,,,,,,,,,,,,,,,,,,,,,,,,,,,,,,,,,,,,,,,,,,,,,,,,,,,,,,,,,,,,,,,,,,,,,,,
2024-07-19,2.08899998664856,2.1429998874664307,2.056999921798706,2.128000020980835,2.128000020980835,101992.0,,,,,,,,,,,,,,,,,,,,,,,,,,,,,,,,,,,,,,,,,,,,,,,,,,,,,,,,,,,,,,,,,,,,,,,,,,,,,,
2024-07-22,2.1040000915527344,2.2699999809265137,2.0899999141693115,2.250999927520752,2.250999927520752,148699.0,,,,,,,,,,,,,,,,,,,,,,,,,,,,,,,,,,,,,,,,,,,,,,,,,,,,,,,,,,,,,,,,,,,,,,,,,,,,,,
2024-07-23,2.244999885559082,2.265000104904175,2.122999906539917,2.187000036239624,2.187000036239624,112276.0,,,,,,,,,,,,,,,,,,,,,,,,,,,,,,,,,,,,,,,,,,,,,,,,,,,,,,,,,,,,,,,,,,,,,,,,,,,,,,
2024-07-24,2.1530001163482666,2.1700000762939453,2.101999998092652,2.117000102996826,2.117000102996826,65013.0,,,,,,,,,,,,,,,,,,,,,,,,,,,,,,,,,,,,,,,,,,,,,,,,,,,,,,,,,,,,,,,,,,,,,,,,,,,,,,
2024-07-25,2.125999927520752,2.1549999713897705,2.0350000858306885,2.04099988937378,2.04099988937378,44964.0,,,,,,,,,,,,,,,,,,,,,,,,,,,,,,,,,,,,,,,,,,,,,,,,,,,,,,,,,,,,,,,,,,,,,,,,,,,,,,
2024-07-26,2.052000045776367,2.0840001106262207,1.99399995803833,2.00600004196167,2.00600004196167,58506.0,,,,,,,,,,,,,,,,,,,,,,,,,,,,,,,,,,,,,,,,,,,,,,,,,,,,,,,,,,,,,,,,,,,,,,,,,,,,,,
2024-07-29,2.0160000324249268,2.055999994277954,1.8559999465942385,1.906999945640564,1.906999945640564,162676.0,,,,,,,,,,,,,,,,,,,,,,,,,,,,,,,,,,,,,,,,,,,,,,,,,,,,,,,,,,,,,,,,,,,,,,,,,,,,,,
2024-07-30,2.065000057220459,2.134999990463257,1.991000056266785,2.125999927520752,2.125999927520752,157477.0,,,,,,,,,,,,,,,,,,,,,,,,,,,,,,,,,,,,,,,,,,,,,,,,,,,,,,,,,,,,,,,,,,,,,,,,,,,,,,
2024-07-31,2.119999885559082,2.1489999294281006,2.0230000019073486,2.0360000133514404,2.0360000133514404,167713.0,,,,,,,,,,,,,,,,,,,,,,,,,,,,,,,,,,,,,,,,,,,,,,,,,,,,,,,,,,,,,,,,,,,,,,,,,,,,,,
2024-08-01,2.0460000038146973,2.125999927520752,1.965000033378601,1.968000054359436,1.968000054359436,215979.0,,,,,,,,,,,,,,,,,,,,,,,,,,,,,,,,,,,,,,,,,,,,,,,,,,,,,,,,,,,,,,,,,,,,,,,,,,,,,,
2024-08-02,1.9850000143051147,2.0230000019073486,1.919999957084656,1.9670000076293943,1.9670000076293943,164207.0,,,,,,,,,,,,,,,,,,,,,,,,,,,,,,,,,,,,,,,,,,,,,,,,,,,,,,,,,,,,,,,,,,,,,,,,,,,,,,
2024-08-05,1.950000047683716,1.9739999771118164,1.8819999694824217,1.9420000314712524,1.9420000314712524,150595.0,,,,,,,,,,,,,,,,,,,,,,,,,,,,,,,,,,,,,,,,,,,,,,,,,,,,,,,,,,,,,,,,,,,,,,,,,,,,,,
2024-08-06,1.9570000171661377,2.032999992370605,1.899999976158142,2.009999990463257,2.009999990463257,154471.0,,,,,,,,,,,,,,,,,,,,,,,,,,,,,,,,,,,,,,,,,,,,,,,,,,,,,,,,,,,,,,,,,,,,,,,,,,,,,,
2024-08-07,2.025000095367432,2.119999885559082,2.009999990463257,2.111999988555908,2.111999988555908,226781.0,,,,,,,,,,,,,,,,,,,,,,,,,,,,,,,,,,,,,,,,,,,,,,,,,,,,,,,,,,,,,,,,,,,,,,,,,,,,,,
2024-08-08,2.0999999046325684,2.178999900817871,2.0280001163482666,2.127000093460083,2.127000093460083,232204.0,,,,,,,,,,,,,,,,,,,,,,,,,,,,,,,,,,,,,,,,,,,,,,,,,,,,,,,,,,,,,,,,,,,,,,,,,,,,,,
2024-08-09,2.151000022888184,2.187000036239624,2.1040000915527344,2.1429998874664307,2.1429998874664307,183426.0,,,,,,,,,,,,,,,,,,,,,,,,,,,,,,,,,,,,,,,,,,,,,,,,,,,,,,,,,,,,,,,,,,,,,,,,,,,,,,
2024-08-12,2.1730000972747803,2.25600004196167,2.1549999713897705,2.188999891281128,2.188999891281128,181250.0,,,,,,,,,,,,,,,,,,,,,,,,,,,,,,,,,,,,,,,,,,,,,,,,,,,,,,,,,,,,,,,,,,,,,,,,,,,,,,
2024-08-13,2.174999952316284,2.239000082015991,2.134000062942505,2.1480000019073486,2.1480000019073486,202099.0,,,,,,,,,,,,,,,,,,,,,,,,,,,,,,,,,,,,,,,,,,,,,,,,,,,,,,,,,,,,,,,,,,,,,,,,,,,,,,
2024-08-14,2.1600000858306885,2.276000022888184,2.1440000534057617,2.219000101089477,2.219000101089477,189925.0,,,,,,,,,,,,,,,,,,,,,,,,,,,,,,,,,,,,,,,,,,,,,,,,,,,,,,,,,,,,,,,,,,,,,,,,,,,,,,
2024-08-15,2.227999925613404,2.3010001182556152,2.188999891281128,2.197000026702881,2.197000026702881,165423.0,,,,,,,,,,,,,,,,,,,,,,,,,,,,,,,,,,,,,,,,,,,,,,,,,,,,,,,,,,,,,,,,,,,,,,,,,,,,,,
2024-08-16,2.2049999237060547,2.2160000801086426,2.111000061035156,2.122999906539917,2.122999906539917,140820.0,,,,,,,,,,,,,,,,,,,,,,,,,,,,,,,,,,,,,,,,,,,,,,,,,,,,,,,,,,,,,,,,,,,,,,,,,,,,,,
2024-08-19,2.125,2.253999948501587,2.0969998836517334,2.234999895095825,2.234999895095825,179074.0,,,,,,,,,,,,,,,,,,,,,,,,,,,,,,,,,,,,,,,,,,,,,,,,,,,,,,,,,,,,,,,,,,,,,,,,,,,,,,
2024-08-20,2.246000051498413,2.2780001163482666,2.1730000972747803,2.197999954223633,2.197999954223633,129952.0,,,,,,,,,,,,,,,,,,,,,,,,,,,,,,,,,,,,,,,,,,,,,,,,,,,,,,,,,,,,,,,,,,,,,,,,,,,,,,
2024-08-21,2.200999975204468,2.227999925613404,2.13100004196167,2.177000045776367,2.177000045776367,124659.0,,,,,,,,,,,,,,,,,,,,,,,,,,,,,,,,,,,,,,,,,,,,,,,,,,,,,,,,,,,,,,,,,,,,,,,,,,,,,,
2024-08-22,2.187999963760376,2.200000047683716,2.0309998989105225,2.052999973297119,2.052999973297119,153777.0,,,,,,,,,,,,,,,,,,,,,,,,,,,,,,,,,,,,,,,,,,,,,,,,,,,,,,,,,,,,,,,,,,,,,,,,,,,,,,
2024-08-23,2.061000108718872,2.0739998817443848,2.005000114440918,2.0220000743865967,2.0220000743865967,62492.0,,,,,,,,,,,,,,,,,,,,,,,,,,,,,,,,,,,,,,,,,,,,,,,,,,,,,,,,,,,,,,,,,,,,,,,,,,,,,,
2024-08-26,2.003999948501587,2.0220000743865967,1.944000005722046,1.955999970436096,1.955999970436096,50432.0,,,,,,,,,,,,,,,,,,,,,,,,,,,,,,,,,,,,,,,,,,,,,,,,,,,,,,,,,,,,,,,,,,,,,,,,,,,,,,
2024-08-27,1.955999970436096,1.9739999771118164,1.875,1.9040000438690183,1.9040000438690183,68871.0,,,,,,,,,,,,,,,,,,,,,,,,,,,,,,,,,,,,,,,,,,,,,,,,,,,,,,,,,,,,,,,,,,,,,,,,,,,,,,
2024-08-28,1.924000024795532,2.0,1.8559999465942385,1.9299999475479128,1.9299999475479128,165219.0,,,,,,,,,,,,,,,,,,,,,,,,,,,,,,,,,,,,,,,,,,,,,,,,,,,,,,,,,,,,,,,,,,,,,,,,,,,,,,
2024-08-29,2.0969998836517334,2.1489999294281006,2.026000022888184,2.13700008392334,2.13700008392334,154737.0,,,,,,,,,,,,,,,,,,,,,,,,,,,,,,,,,,,,,,,,,,,,,,,,,,,,,,,,,,,,,,,,,,,,,,,,,,,,,,
2024-08-30,2.1449999809265137,2.1710000038146973,2.0929999351501465,2.127000093460083,2.127000093460083,131106.0,,,,,,,,,,,,,,,,,,,,,,,,,,,,,,,,,,,,,,,,,,,,,,,,,,,,,,,,,,,,,,,,,,,,,,,,,,,,,,
2024-09-03,2.1459999084472656,2.2249999046325684,2.075000047683716,2.203000068664551,2.203000068664551,221115.0,,,,,,,,,,,,,,,,,,,,,,,,,,,,,,,,,,,,,,,,,,,,,,,,,,,,,,,,,,,,,,,,,,,,,,,,,,,,,,
2024-09-04,2.197000026702881,2.2699999809265137,2.13100004196167,2.1449999809265137,2.1449999809265137,150022.0,,,,,,,,,,,,,,,,,,,,,,,,,,,,,,,,,,,,,,,,,,,,,,,,,,,,,,,,,,,,,,,,,,,,,,,,,,,,,,
2024-09-05,2.138999938964844,2.2860000133514404,2.117000102996826,2.253999948501587,2.253999948501587,196899.0,,,,,,,,,,,,,,,,,,,,,,,,,,,,,,,,,,,,,,,,,,,,,,,,,,,,,,,,,,,,,,,,,,,,,,,,,,,,,,
2024-09-06,2.260999917984009,2.2939999103546143,2.2320001125335693,2.275000095367432,2.275000095367432,121498.0,,,,,,,,,,,,,,,,,,,,,,,,,,,,,,,,,,,,,,,,,,,,,,,,,,,,,,,,,,,,,,,,,,,,,,,,,,,,,,
2024-09-09,2.220000028610229,2.246999979019165,2.1410000324249268,2.1700000762939453,2.1700000762939453,121498.0,,,,,,,,,,,,,,,,,,,,,,,,,,,,,,,,,,,,,,,,,,,,,,,,,,,,,,,,,,,,,,,,,,,,,,,,,,,,,,
2024-09-10,2.1489999294281006,2.257999897003174,2.125,2.2320001125335693,2.2320001125335693,183556.0,,,,,,,,,,,,,,,,,,,,,,,,,,,,,,,,,,,,,,,,,,,,,,,,,,,,,,,,,,,,,,,,,,,,,,,,,,,,,,
2024-09-11,2.236000061035156,2.325000047683716,2.21399998664856,2.2699999809265137,2.2699999809265137,198836.0,,,,,,,,,,,,,,,,,,,,,,,,,,,,,,,,,,,,,,,,,,,,,,,,,,,,,,,,,,,,,,,,,,,,,,,,,,,,,,
2024-09-12,2.2860000133514404,2.3940000534057617,2.2290000915527344,2.3570001125335693,2.3570001125335693,231423.0,,,,,,,,,,,,,,,,,,,,,,,,,,,,,,,,,,,,,,,,,,,,,,,,,,,,,,,,,,,,,,,,,,,,,,,,,,,,,,
2024-09-13,2.36299991607666,2.407000064849853,2.2939999103546143,2.305000066757202,2.305000066757202,173713.0,,,,,,,,,,,,,,,,,,,,,,,,,,,,,,,,,,,,,,,,,,,,,,,,,,,,,,,,,,,,,,,,,,,,,,,,,,,,,,
2024-09-16,2.2980000972747803,2.3970000743865967,2.265000104904175,2.372999906539917,2.372999906539917,163817.0,,,,,,,,,,,,,,,,,,,,,,,,,,,,,,,,,,,,,,,,,,,,,,,,,,,,,,,,,,,,,,,,,,,,,,,,,,,,,,
2024-09-17,2.3910000324249268,2.436000108718872,2.306999921798706,2.3239998817443848,2.3239998817443848,171895.0,,,,,,,,,,,,,,,,,,,,,,,,,,,,,,,,,,,,,,,,,,,,,,,,,,,,,,,,,,,,,,,,,,,,,,,,,,,,,,
2024-09-18,2.312000036239624,2.377000093460083,2.275000095367432,2.2839999198913574,2.2839999198913574,137696.0,,,,,,,,,,,,,,,,,,,,,,,,,,,,,,,,,,,,,,,,,,,,,,,,,,,,,,,,,,,,,,,,,,,,,,,,,,,,,,
2024-09-19,2.2880001068115234,2.361000061035156,2.2230000495910645,2.3480000495910645,2.3480000495910645,190187.0,,,,,,,,,,,,,,,,,,,,,,,,,,,,,,,,,,,,,,,,,,,,,,,,,,,,,,,,,,,,,,,,,,,,,,,,,,,,,,
2024-09-20,2.3580000400543213,2.4600000381469727,2.313999891281128,2.434000015258789,2.434000015258789,161905.0,,,,,,,,,,,,,,,,,,,,,,,,,,,,,,,,,,,,,,,,,,,,,,,,,,,,,,,,,,,,,,,,,,,,,,,,,,,,,,
2024-09-23,2.461999893188477,2.6459999084472656,2.4579999446868896,2.61299991607666,2.61299991607666,124650.0,,,,,,,,,,,,,,,,,,,,,,,,,,,,,,,,,,,,,,,,,,,,,,,,,,,,,,,,,,,,,,,,,,,,,,,,,,,,,,
2024-09-24,2.634000062942505,2.674000024795532,2.5350000858306885,2.5510001182556152,2.5510001182556152,61695.0,,,,,,,,,,,,,,,,,,,,,,,,,,,,,,,,,,,,,,,,,,,,,,,,,,,,,,,,,,,,,,,,,,,,,,,,,,,,,,
2024-09-25,2.5829999446868896,2.657999992370605,2.562999963760376,2.63700008392334,2.63700008392334,61695.0,,,,,,,,,,,,,,,,,,,,,,,,,,,,,,,,,,,,,,,,,,,,,,,,,,,,,,,,,,,,,,,,,,,,,,,,,,,,,,
2024-09-26,2.640000104904175,2.690000057220459,2.5239999294281006,2.5850000381469727,2.5850000381469727,91605.0,,,,,,,,,,,,,,,,,,,,,,,,,,,,,,,,,,,,,,,,,,,,,,,,,,,,,,,,,,,,,,,,,,,,,,,,,,,,,,
2024-09-27,2.74399995803833,2.931999921798706,2.720000028610229,2.9210000038146973,2.9210000038146973,209221.0,,,,,,,,,,,,,,,,,,,,,,,,,,,,,,,,,,,,,,,,,,,,,,,,,,,,,,,,,,,,,,,,,,,,,,,,,,,,,,
2024-09-30,2.8989999294281006,2.947999954223633,2.865000009536743,2.9230000972747803,2.9230000972747803,224258.0,,,,,,,,,,,,,,,,,,,,,,,,,,,,,,,,,,,,,,,,,,,,,,,,,,,,,,,,,,,,,,,,,,,,,,,,,,,,,,
2024-10-01,2.907000064849853,2.941999912261963,2.825000047683716,2.8959999084472656,2.8959999084472656,156783.0,,,,,,,,,,,,,,,,,,,,,,,,,,,,,,,,,,,,,,,,,,,,,,,,,,,,,,,,,,,,,,,,,,,,,,,,,,,,,,
2024-10-02,2.8980000019073486,3.0,2.869999885559082,2.885999917984009,2.885999917984009,161084.0,,,,,,,,,,,,,,,,,,,,,,,,,,,,,,,,,,,,,,,,,,,,,,,,,,,,,,,,,,,,,,,,,,,,,,,,,,,,,,
2024-10-03,2.9210000038146973,2.98799991607666,2.900000095367432,2.970000028610229,2.970000028610229,162673.0,,,,,,,,,,,,,,,,,,,,,,,,,,,,,,,,,,,,,,,,,,,,,,,,,,,,,,,,,,,,,,,,,,,,,,,,,,,,,,
2024-10-04,2.970999956130981,3.0190000534057617,2.8310000896453857,2.8310000896453857,2.8310000896453857,162159.0,,,,,,,,,,,,,,,,,,,,,,,,,,,,,,,,,,,,,,,,,,,,,,,,,,,,,,,,,,,,,,,,,,,,,,,,,,,,,,
2024-10-07,2.82699990272522,2.83899998664856,2.7049999237060547,2.746000051498413,2.746000051498413,173745.0,,,,,,,,,,,,,,,,,,,,,,,,,,,,,,,,,,,,,,,,,,,,,,,,,,,,,,,,,,,,,,,,,,,,,,,,,,,,,,
2024-10-08,2.7330000400543213,2.7809998989105225,2.6989998817443848,2.7330000400543213,2.7330000400543213,216871.0,,,,,,,,,,,,,,,,,,,,,,,,,,,,,,,,,,,,,,,,,,,,,,,,,,,,,,,,,,,,,,,,,,,,,,,,,,,,,,
2024-10-09,2.7090001106262207,2.7239999771118164,2.631999969482422,2.6600000858306885,2.6600000858306885,162513.0,,,,,,,,,,,,,,,,,,,,,,,,,,,,,,,,,,,,,,,,,,,,,,,,,,,,,,,,,,,,,,,,,,,,,,,,,,,,,,
2024-10-10,2.6470000743865967,2.700000047683716,2.588000059127808,2.674999952316284,2.674999952316284,190644.0,,,,,,,,,,,,,,,,,,,,,,,,,,,,,,,,,,,,,,,,,,,,,,,,,,,,,,,,,,,,,,,,,,,,,,,,,,,,,,
2024-10-11,2.687000036239624,2.726999998092652,2.615000009536743,2.628000020980835,2.628000020980835,121746.0,,,,,,,,,,,,,,,,,,,,,,,,,,,,,,,,,,,,,,,,,,,,,,,,,,,,,,,,,,,,,,,,,,,,,,,,,,,,,,
2024-10-14,2.624000072479248,2.625,2.4760000705718994,2.49399995803833,2.49399995803833,150928.0,,,,,,,,,,,,,,,,,,,,,,,,,,,,,,,,,,,,,,,,,,,,,,,,,,,,,,,,,,,,,,,,,,,,,,,,,,,,,,
2024-10-15,2.4820001125335693,2.549999952316284,2.444999933242798,2.497999906539917,2.497999906539917,139692.0,,,,,,,,,,,,,,,,,,,,,,,,,,,,,,,,,,,,,,,,,,,,,,,,,,,,,,,,,,,,,,,,,,,,,,,,,,,,,,
2024-10-16,2.48799991607666,2.496999979019165,2.3580000400543213,2.367000102996826,2.367000102996826,156441.0,,,,,,,,,,,,,,,,,,,,,,,,,,,,,,,,,,,,,,,,,,,,,,,,,,,,,,,,,,,,,,,,,,,,,,,,,,,,,,
2024-10-17,2.377000093460083,2.4170000553131104,2.338000059127808,2.3469998836517334,2.3469998836517334,173482.0,,,,,,,,,,,,,,,,,,,,,,,,,,,,,,,,,,,,,,,,,,,,,,,,,,,,,,,,,,,,,,,,,,,,,,,,,,,,,,
2024-10-18,2.3489999771118164,2.369999885559082,2.247999906539917,2.25,2.25,144208.0,,,,,,,,,,,,,,,,,,,,,,,,,,,,,,,,,,,,,,,,,,,,,,,,,,,,,,,,,,,,,,,,,,,,,,,,,,,,,,
2024-10-21,,,,,,,2.312000036239624,2.312000036239624,2.36899995803833,2.2100000381469727,2.220000028610229,154025.0,,,,,,,,,,,,,,,,,,,,,,,,,,,,,,,,,,,,,,,,,,,,,,,,,,,,,,,,,,,,,,,,,,,,,,,,
2024-10-22,,,,,,,2.311000108718872,2.311000108718872,2.375,2.2709999084472656,2.364000082015991,198772.0,,,,,,,,,,,,,,,,,,,,,,,,,,,,,,,,,,,,,,,,,,,,,,,,,,,,,,,,,,,,,,,,,,,,,,,,
2024-10-23,,,,,,,2.3420000076293945,2.3420000076293945,2.441999912261963,2.257999897003174,2.3010001182556152,145225.0,,,,,,,,,,,,,,,,,,,,,,,,,,,,,,,,,,,,,,,,,,,,,,,,,,,,,,,,,,,,,,,,,,,,,,,,
2024-10-24,,,,,,,2.5220000743865967,2.5220000743865967,2.5820000171661377,2.372999906539917,2.400000095367432,139719.0,,,,,,,,,,,,,,,,,,,,,,,,,,,,,,,,,,,,,,,,,,,,,,,,,,,,,,,,,,,,,,,,,,,,,,,,
2024-10-25,,,,,,,2.559999942779541,2.559999942779541,2.5789999961853027,2.4600000381469727,2.5309998989105225,67455.0,,,,,,,,,,,,,,,,,,,,,,,,,,,,,,,,,,,,,,,,,,,,,,,,,,,,,,,,,,,,,,,,,,,,,,,,
2024-10-28,,,,,,,2.309000015258789,2.309000015258789,2.5160000324249268,2.2679998874664307,2.505000114440918,89409.0,,,,,,,,,,,,,,,,,,,,,,,,,,,,,,,,,,,,,,,,,,,,,,,,,,,,,,,,,,,,,,,,,,,,,,,,
2024-10-29,,,,,,,2.345999956130981,2.345999956130981,2.3910000324249268,2.200000047683716,2.259000062942505,143883.0,,,,,,,,,,,,,,,,,,,,,,,,,,,,,,,,,,,,,,,,,,,,,,,,,,,,,,,,,,,,,,,,,,,,,,,,
2024-10-30,,,,,,,2.845000028610229,2.845000028610229,2.9189999103546143,2.7699999809265137,2.9049999713897705,162834.0,,,,,,,,,,,,,,,,,,,,,,,,,,,,,,,,,,,,,,,,,,,,,,,,,,,,,,,,,,,,,,,,,,,,,,,,
2024-10-31,,,,,,,2.7070000171661377,2.7070000171661377,2.8299999237060547,2.687999963760376,2.812999963760376,185486.0,,,,,,,,,,,,,,,,,,,,,,,,,,,,,,,,,,,,,,,,,,,,,,,,,,,,,,,,,,,,,,,,,,,,,,,,
2024-11-01,,,,,,,2.6630001068115234,2.6630001068115234,2.7239999771118164,2.631999969482422,2.70199990272522,166422.0,,,,,,,,,,,,,,,,,,,,,,,,,,,,,,,,,,,,,,,,,,,,,,,,,,,,,,,,,,,,,,,,,,,,,,,,
2024-11-04,,,,,,,2.7809998989105225,2.7809998989105225,2.7950000762939453,2.513999938964844,2.559999942779541,201168.0,,,,,,,,,,,,,,,,,,,,,,,,,,,,,,,,,,,,,,,,,,,,,,,,,,,,,,,,,,,,,,,,,,,,,,,,
2024-11-05,,,,,,,2.6700000762939453,2.6700000762939453,2.818000078201294,2.651000022888184,2.7890000343322754,153934.0,,,,,,,,,,,,,,,,,,,,,,,,,,,,,,,,,,,,,,,,,,,,,,,,,,,,,,,,,,,,,,,,,,,,,,,,
2024-11-06,,,,,,,2.746999979019165,2.746999979019165,2.7960000038146973,2.6600000858306885,2.678999900817871,157298.0,,,,,,,,,,,,,,,,,,,,,,,,,,,,,,,,,,,,,,,,,,,,,,,,,,,,,,,,,,,,,,,,,,,,,,,,
2024-11-07,,,,,,,2.693000078201294,2.693000078201294,2.7780001163482666,2.6559998989105225,2.7109999656677246,165551.0,,,,,,,,,,,,,,,,,,,,,,,,,,,,,,,,,,,,,,,,,,,,,,,,,,,,,,,,,,,,,,,,,,,,,,,,
2024-11-08,,,,,,,2.6689999103546143,2.6689999103546143,2.747999906539917,2.6429998874664307,2.694000005722046,158000.0,,,,,,,,,,,,,,,,,,,,,,,,,,,,,,,,,,,,,,,,,,,,,,,,,,,,,,,,,,,,,,,,,,,,,,,,
2024-11-11,,,,,,,2.9200000762939453,2.9200000762939453,2.9560000896453857,2.7690000534057617,2.7699999809265137,252383.0,,,,,,,,,,,,,,,,,,,,,,,,,,,,,,,,,,,,,,,,,,,,,,,,,,,,,,,,,,,,,,,,,,,,,,,,
2024-11-12,,,,,,,2.907000064849853,2.907000064849853,3.013000011444092,2.8550000190734863,2.95199990272522,245266.0,,,,,,,,,,,,,,,,,,,,,,,,,,,,,,,,,,,,,,,,,,,,,,,,,,,,,,,,,,,,,,,,,,,,,,,,
2024-11-13,,,,,,,2.9830000400543213,2.9830000400543213,3.0199999809265137,2.8299999237060547,2.9140000343322754,218400.0,,,,,,,,,,,,,,,,,,,,,,,,,,,,,,,,,,,,,,,,,,,,,,,,,,,,,,,,,,,,,,,,,,,,,,,,
2024-11-14,,,,,,,2.7850000858306885,2.7850000858306885,2.984999895095825,2.759000062942505,2.9809999465942383,209678.0,,,,,,,,,,,,,,,,,,,,,,,,,,,,,,,,,,,,,,,,,,,,,,,,,,,,,,,,,,,,,,,,,,,,,,,,
2024-11-15,,,,,,,2.822999954223633,2.822999954223633,2.8429999351501465,2.687999963760376,2.765000104904175,181092.0,,,,,,,,,,,,,,,,,,,,,,,,,,,,,,,,,,,,,,,,,,,,,,,,,,,,,,,,,,,,,,,,,,,,,,,,
2024-11-18,,,,,,,2.9730000495910645,2.9730000495910645,2.976999998092652,2.8320000171661377,2.924999952316284,188338.0,,,,,,,,,,,,,,,,,,,,,,,,,,,,,,,,,,,,,,,,,,,,,,,,,,,,,,,,,,,,,,,,,,,,,,,,
2024-11-19,,,,,,,2.997999906539917,2.997999906539917,3.058000087738037,2.9049999713897705,2.950999975204468,188338.0,,,,,,,,,,,,,,,,,,,,,,,,,,,,,,,,,,,,,,,,,,,,,,,,,,,,,,,,,,,,,,,,,,,,,,,,
2024-11-20,,,,,,,,,,,,,3.193000078201294,3.193000078201294,3.236999988555908,2.941999912261963,2.961999893188477,211932.0,,,,,,,,,,,,,,,,,,,,,,,,,,,,,,,,,,,,,,,,,,,,,,,,,,,,,,,,,,,,,,,,,,
2024-11-21,,,,,,,,,,,,,,,,,,,3.33899998664856,3.33899998664856,3.450999975204468,3.194999933242798,3.2160000801086426,225693.0,,,,,,,,,,,,,,,,,,,,,,,,,,,,,,,,,,,,,,,,,,,,,,,,,,,,,,,,,,,,
2024-11-22,,,,,,,,,,,,,,,,,,,,,,,,,,,,,,,,,,,,,,,,,,,,,,,,,3.121999979019165,3.121999979019165,3.562999963760376,3.071000099182129,3.390000104904175,90938.0,,,,,,,,,,,,,,,,,,,,,,,,,,,,,,
2024-11-25,,,,,,,,,,,,,,,,,,,,,,,,,,,,,,,,,,,,,,,,,,,,,,,,,,,,,,,3.36899995803833,3.36899995803833,3.4609999656677246,3.263999938964844,3.3559999465942383,95807.0,,,,,,,,,,,,,,,,,,,,,,,,
2024-11-26,,,,,,,,,,,,,,,,,,,,,,,,,,,,,,,,,,,,,,,,,,,,,,,,,,,,,,,,,,,,,3.430999994277954,3.430999994277954,3.5,3.255000114440918,3.3299999237060547,108485.0,,,,,,,,,,,,,,,,,,
2024-11-27,,,,,,,,,,,,,,,,,,,,,,,,,,,,,,,,,,,,,,,,,,,,,,,,,,,,,,,,,,,,,,,,,,,3.2039999961853027,3.2039999961853027,3.470000028610229,3.188999891281128,3.4679999351501465,222049.0,,,,,,,,,,,,
2024-11-28,,,,,,,,,,,,,,,,,,,,,,,,,,,,,,,,,,,,,,,,,,,,,,,,,,,,,,,,,,,,,,,,,,,,,,,,,3.2950000762939453,3.2950000762939453,3.312999963760376,3.174999952316284,3.194999933242798,214291.0,,,,,,
2024-11-29,,,,,,,,,,,,,,,,,,,,,,,,,,,,,,,,,,,,,,,,,,,,,,,,,,,,,,,,,,,,,,,,,,,,,,,,,,,,,,,3.36299991607666,3.36299991607666,3.384000062942505,3.174999952316284,3.194999933242798,214291.0
