Date,Open,High,Low,Close,Adj Close,Volume,"('Adj Close', 'PKO.WA')","('Close', 'PKO.WA')","('High', 'PKO.WA')","('Low', 'PKO.WA')","('Open', 'PKO.WA')","('Volume', 'PKO.WA')","('Adj Close', 'PKO.WA').1","('Close', 'PKO.WA').1","('High', 'PKO.WA').1","('Low', 'PKO.WA').1","('Open', 'PKO.WA').1","('Volume', 'PKO.WA').1","('Adj Close', 'PKO.WA').2","('Close', 'PKO.WA').2","('High', 'PKO.WA').2","('Low', 'PKO.WA').2","('Open', 'PKO.WA').2","('Volume', 'PKO.WA').2","('Adj Close', 'PKO.WA').3","('Close', 'PKO.WA').3","('High', 'PKO.WA').3","('Low', 'PKO.WA').3","('Open', 'PKO.WA').3","('Volume', 'PKO.WA').3","('Adj Close', 'PKO.WA').4","('Close', 'PKO.WA').4","('High', 'PKO.WA').4","('Low', 'PKO.WA').4","('Open', 'PKO.WA').4","('Volume', 'PKO.WA').4","('Adj Close', 'PKO.WA').5","('Close', 'PKO.WA').5","('High', 'PKO.WA').5","('Low', 'PKO.WA').5","('Open', 'PKO.WA').5","('Volume', 'PKO.WA').5","('Adj Close', 'PKO.WA').6","('Close', 'PKO.WA').6","('High', 'PKO.WA').6","('Low', 'PKO.WA').6","('Open', 'PKO.WA').6","('Volume', 'PKO.WA').6","('Adj Close', 'PKO.WA').7","('Close', 'PKO.WA').7","('High', 'PKO.WA').7","('Low', 'PKO.WA').7","('Open', 'PKO.WA').7","('Volume', 'PKO.WA').7","('Adj Close', 'PKO.WA').8","('Close', 'PKO.WA').8","('High', 'PKO.WA').8","('Low', 'PKO.WA').8","('Open', 'PKO.WA').8","('Volume', 'PKO.WA').8","('Adj Close', 'PKO.WA')","('Close', 'PKO.WA')","('High', 'PKO.WA')","('Low', 'PKO.WA')","('Open', 'PKO.WA')","('Volume', 'PKO.WA')"
2023-07-03,36.150001525878906,37.060001373291016,36.0,37.02000045776367,34.291900634765625,2541320.0,,,,,,,,,,,,,,,,,,,,,,,,,,,,,,,,,,,,,,,,,,,,,,,,,,,,,,,,,,,,
2023-07-04,37.0,37.15999984741211,36.4900016784668,36.5099983215332,33.819480895996094,857167.0,,,,,,,,,,,,,,,,,,,,,,,,,,,,,,,,,,,,,,,,,,,,,,,,,,,,,,,,,,,,
2023-07-05,36.29999923706055,36.470001220703125,35.97999954223633,36.0,33.347068786621094,4328947.0,,,,,,,,,,,,,,,,,,,,,,,,,,,,,,,,,,,,,,,,,,,,,,,,,,,,,,,,,,,,
2023-07-06,35.88999938964844,36.119998931884766,35.33000183105469,35.7599983215332,33.124752044677734,4009090.0,,,,,,,,,,,,,,,,,,,,,,,,,,,,,,,,,,,,,,,,,,,,,,,,,,,,,,,,,,,,
2023-07-07,35.7599983215332,36.83000183105469,35.720001220703125,36.650001525878906,33.94916915893555,2218787.0,,,,,,,,,,,,,,,,,,,,,,,,,,,,,,,,,,,,,,,,,,,,,,,,,,,,,,,,,,,,
2023-07-10,36.5,36.81999969482422,36.20000076293945,36.72999954223633,34.02326965332031,1635592.0,,,,,,,,,,,,,,,,,,,,,,,,,,,,,,,,,,,,,,,,,,,,,,,,,,,,,,,,,,,,
2023-07-11,36.90999984741211,37.040000915527344,36.54999923706055,36.869998931884766,34.1529541015625,2444969.0,,,,,,,,,,,,,,,,,,,,,,,,,,,,,,,,,,,,,,,,,,,,,,,,,,,,,,,,,,,,
2023-07-12,37.08000183105469,38.65999984741211,37.060001373291016,38.58000183105469,35.736942291259766,3134190.0,,,,,,,,,,,,,,,,,,,,,,,,,,,,,,,,,,,,,,,,,,,,,,,,,,,,,,,,,,,,
2023-07-13,38.58000183105469,39.150001525878906,38.220001220703125,39.0,36.1259880065918,2460250.0,,,,,,,,,,,,,,,,,,,,,,,,,,,,,,,,,,,,,,,,,,,,,,,,,,,,,,,,,,,,
2023-07-14,38.650001525878906,39.43999862670898,38.63999938964844,38.93999862670898,36.070411682128906,1416158.0,,,,,,,,,,,,,,,,,,,,,,,,,,,,,,,,,,,,,,,,,,,,,,,,,,,,,,,,,,,,
2023-07-17,38.86000061035156,39.29999923706055,38.720001220703125,39.09999847412109,36.21862030029297,1217932.0,,,,,,,,,,,,,,,,,,,,,,,,,,,,,,,,,,,,,,,,,,,,,,,,,,,,,,,,,,,,
2023-07-18,38.95000076293945,40.0,38.41999816894531,39.93999862670898,36.9967155456543,1986671.0,,,,,,,,,,,,,,,,,,,,,,,,,,,,,,,,,,,,,,,,,,,,,,,,,,,,,,,,,,,,
2023-07-19,39.93999862670898,40.13999938964844,39.70000076293945,39.88999938964844,36.95040512084961,1309185.0,,,,,,,,,,,,,,,,,,,,,,,,,,,,,,,,,,,,,,,,,,,,,,,,,,,,,,,,,,,,
2023-07-20,39.70000076293945,39.900001525878906,39.369998931884766,39.63999938964844,36.71882629394531,1554365.0,,,,,,,,,,,,,,,,,,,,,,,,,,,,,,,,,,,,,,,,,,,,,,,,,,,,,,,,,,,,
2023-07-21,39.45000076293945,39.79999923706055,39.18000030517578,39.43000030517578,36.52429962158203,1300382.0,,,,,,,,,,,,,,,,,,,,,,,,,,,,,,,,,,,,,,,,,,,,,,,,,,,,,,,,,,,,
2023-07-24,39.0099983215332,39.79999923706055,39.0099983215332,39.79999923706055,36.867034912109375,1135585.0,,,,,,,,,,,,,,,,,,,,,,,,,,,,,,,,,,,,,,,,,,,,,,,,,,,,,,,,,,,,
2023-07-25,39.79999923706055,39.79999923706055,39.11000061035156,39.650001525878906,36.72809219360352,1649970.0,,,,,,,,,,,,,,,,,,,,,,,,,,,,,,,,,,,,,,,,,,,,,,,,,,,,,,,,,,,,
2023-07-26,39.63999938964844,39.77999877929688,39.27999877929688,39.59000015258789,36.67251205444336,1070660.0,,,,,,,,,,,,,,,,,,,,,,,,,,,,,,,,,,,,,,,,,,,,,,,,,,,,,,,,,,,,
2023-07-27,39.52000045776367,40.59999847412109,39.52000045776367,40.47999954223633,37.49692535400391,1673724.0,,,,,,,,,,,,,,,,,,,,,,,,,,,,,,,,,,,,,,,,,,,,,,,,,,,,,,,,,,,,
2023-07-28,40.13999938964844,40.63999938964844,40.02999877929688,40.52000045776367,37.53397750854492,1235894.0,,,,,,,,,,,,,,,,,,,,,,,,,,,,,,,,,,,,,,,,,,,,,,,,,,,,,,,,,,,,
2023-07-31,40.47999954223633,40.88999938964844,40.400001525878906,40.65999984741211,37.66366195678711,1569968.0,,,,,,,,,,,,,,,,,,,,,,,,,,,,,,,,,,,,,,,,,,,,,,,,,,,,,,,,,,,,
2023-08-01,40.650001525878906,40.650001525878906,39.84999847412109,40.33000183105469,37.35797882080078,1337009.0,,,,,,,,,,,,,,,,,,,,,,,,,,,,,,,,,,,,,,,,,,,,,,,,,,,,,,,,,,,,
2023-08-02,40.0,40.0,39.5099983215332,39.540000915527344,36.62619400024414,1608455.0,,,,,,,,,,,,,,,,,,,,,,,,,,,,,,,,,,,,,,,,,,,,,,,,,,,,,,,,,,,,
2023-08-03,39.31999969482422,39.900001525878906,39.20000076293945,39.77999877929688,36.84850692749024,1502623.0,,,,,,,,,,,,,,,,,,,,,,,,,,,,,,,,,,,,,,,,,,,,,,,,,,,,,,,,,,,,
2023-08-04,39.9900016784668,40.43999862670898,39.84999847412109,40.34000015258789,37.36724472045898,871458.0,,,,,,,,,,,,,,,,,,,,,,,,,,,,,,,,,,,,,,,,,,,,,,,,,,,,,,,,,,,,
2023-08-07,39.95000076293945,40.25,39.650001525878906,39.88999938964844,36.95040512084961,1075913.0,,,,,,,,,,,,,,,,,,,,,,,,,,,,,,,,,,,,,,,,,,,,,,,,,,,,,,,,,,,,
2023-08-08,39.81999969482422,39.81999969482422,38.869998931884766,39.209999084472656,36.32051467895508,3630341.0,,,,,,,,,,,,,,,,,,,,,,,,,,,,,,,,,,,,,,,,,,,,,,,,,,,,,,,,,,,,
2023-08-09,39.36000061035156,39.720001220703125,39.02000045776367,39.20000076293945,36.31125259399414,1718718.0,,,,,,,,,,,,,,,,,,,,,,,,,,,,,,,,,,,,,,,,,,,,,,,,,,,,,,,,,,,,
2023-08-10,39.119998931884766,39.900001525878906,39.119998931884766,39.54999923706055,36.63545989990234,2666129.0,,,,,,,,,,,,,,,,,,,,,,,,,,,,,,,,,,,,,,,,,,,,,,,,,,,,,,,,,,,,
2023-08-11,39.310001373291016,39.459999084472656,38.720001220703125,39.0,36.1259880065918,1867942.0,,,,,,,,,,,,,,,,,,,,,,,,,,,,,,,,,,,,,,,,,,,,,,,,,,,,,,,,,,,,
2023-08-14,38.720001220703125,39.209999084472656,38.41999816894531,38.59999847412109,35.75546646118164,1009126.0,,,,,,,,,,,,,,,,,,,,,,,,,,,,,,,,,,,,,,,,,,,,,,,,,,,,,,,,,,,,
2023-08-16,38.08000183105469,38.5,36.95000076293945,37.130001068115234,34.393795013427734,3219860.0,,,,,,,,,,,,,,,,,,,,,,,,,,,,,,,,,,,,,,,,,,,,,,,,,,,,,,,,,,,,
2023-08-17,37.0,37.150001525878906,36.34000015258789,36.59999847412109,33.90285110473633,1650508.0,,,,,,,,,,,,,,,,,,,,,,,,,,,,,,,,,,,,,,,,,,,,,,,,,,,,,,,,,,,,
2023-08-18,36.29999923706055,36.91999816894531,36.25,36.77000045776367,34.060325622558594,2070881.0,,,,,,,,,,,,,,,,,,,,,,,,,,,,,,,,,,,,,,,,,,,,,,,,,,,,,,,,,,,,
2023-08-21,36.77999877929688,37.27000045776367,36.59999847412109,37.060001373291016,34.328956604003906,1143320.0,,,,,,,,,,,,,,,,,,,,,,,,,,,,,,,,,,,,,,,,,,,,,,,,,,,,,,,,,,,,
2023-08-22,37.220001220703125,37.33000183105469,36.61000061035156,36.709999084472656,34.00474548339844,1480884.0,,,,,,,,,,,,,,,,,,,,,,,,,,,,,,,,,,,,,,,,,,,,,,,,,,,,,,,,,,,,
2023-08-23,36.75,37.290000915527344,36.52999877929688,37.02000045776367,34.291900634765625,1978827.0,,,,,,,,,,,,,,,,,,,,,,,,,,,,,,,,,,,,,,,,,,,,,,,,,,,,,,,,,,,,
2023-08-24,37.41999816894531,37.790000915527344,37.36000061035156,37.400001525878906,34.64390182495117,1546040.0,,,,,,,,,,,,,,,,,,,,,,,,,,,,,,,,,,,,,,,,,,,,,,,,,,,,,,,,,,,,
2023-08-25,37.130001068115234,37.810001373291016,36.900001525878906,37.130001068115234,34.393795013427734,1577612.0,,,,,,,,,,,,,,,,,,,,,,,,,,,,,,,,,,,,,,,,,,,,,,,,,,,,,,,,,,,,
2023-08-28,37.459999084472656,38.0,37.130001068115234,37.93000030517578,35.13484191894531,1264857.0,,,,,,,,,,,,,,,,,,,,,,,,,,,,,,,,,,,,,,,,,,,,,,,,,,,,,,,,,,,,
2023-08-29,38.040000915527344,38.380001068115234,37.70000076293945,37.880001068115234,35.08852767944336,1438749.0,,,,,,,,,,,,,,,,,,,,,,,,,,,,,,,,,,,,,,,,,,,,,,,,,,,,,,,,,,,,
2023-08-30,37.900001525878906,38.25,37.7599983215332,38.060001373291016,35.25526428222656,1240781.0,,,,,,,,,,,,,,,,,,,,,,,,,,,,,,,,,,,,,,,,,,,,,,,,,,,,,,,,,,,,
2023-08-31,38.02999877929688,38.31999969482422,37.25,37.34999847412109,34.59757995605469,3961301.0,,,,,,,,,,,,,,,,,,,,,,,,,,,,,,,,,,,,,,,,,,,,,,,,,,,,,,,,,,,,
2023-09-01,37.27999877929688,38.040000915527344,37.18000030517578,37.86000061035156,35.06999969482422,1069106.0,,,,,,,,,,,,,,,,,,,,,,,,,,,,,,,,,,,,,,,,,,,,,,,,,,,,,,,,,,,,
2023-09-04,37.70000076293945,38.060001373291016,37.400001525878906,37.5099983215332,34.745792388916016,1839177.0,,,,,,,,,,,,,,,,,,,,,,,,,,,,,,,,,,,,,,,,,,,,,,,,,,,,,,,,,,,,
2023-09-05,37.5099983215332,37.84000015258789,37.02999877929688,37.16999816894531,34.43084716796875,1648007.0,,,,,,,,,,,,,,,,,,,,,,,,,,,,,,,,,,,,,,,,,,,,,,,,,,,,,,,,,,,,
2023-09-06,37.09000015258789,37.09999847412109,34.0,35.34000015258789,32.7357063293457,4684858.0,,,,,,,,,,,,,,,,,,,,,,,,,,,,,,,,,,,,,,,,,,,,,,,,,,,,,,,,,,,,
2023-09-07,35.29999923706055,35.58000183105469,34.65999984741211,35.2599983215332,32.661598205566406,3317554.0,,,,,,,,,,,,,,,,,,,,,,,,,,,,,,,,,,,,,,,,,,,,,,,,,,,,,,,,,,,,
2023-09-08,35.45000076293945,35.599998474121094,34.77000045776367,35.16999816894531,32.57823181152344,1950618.0,,,,,,,,,,,,,,,,,,,,,,,,,,,,,,,,,,,,,,,,,,,,,,,,,,,,,,,,,,,,
2023-09-11,35.380001068115234,35.599998474121094,35.040000915527344,35.13999938964844,32.55044174194336,2081650.0,,,,,,,,,,,,,,,,,,,,,,,,,,,,,,,,,,,,,,,,,,,,,,,,,,,,,,,,,,,,
2023-09-12,35.099998474121094,35.279998779296875,34.70000076293945,35.2599983215332,32.661598205566406,3254686.0,,,,,,,,,,,,,,,,,,,,,,,,,,,,,,,,,,,,,,,,,,,,,,,,,,,,,,,,,,,,
2023-09-13,35.25,35.5,35.029998779296875,35.33000183105469,32.726444244384766,2274003.0,,,,,,,,,,,,,,,,,,,,,,,,,,,,,,,,,,,,,,,,,,,,,,,,,,,,,,,,,,,,
2023-09-14,35.5,35.68000030517578,35.16999816894531,35.5099983215332,32.89317321777344,1995909.0,,,,,,,,,,,,,,,,,,,,,,,,,,,,,,,,,,,,,,,,,,,,,,,,,,,,,,,,,,,,
2023-09-15,35.630001068115234,35.93000030517578,35.380001068115234,35.540000915527344,32.92096710205078,4771090.0,,,,,,,,,,,,,,,,,,,,,,,,,,,,,,,,,,,,,,,,,,,,,,,,,,,,,,,,,,,,
2023-09-18,35.41999816894531,35.7400016784668,34.58000183105469,34.689998626708984,32.133602142333984,2011072.0,,,,,,,,,,,,,,,,,,,,,,,,,,,,,,,,,,,,,,,,,,,,,,,,,,,,,,,,,,,,
2023-09-19,34.63999938964844,35.279998779296875,34.54999923706055,35.13999938964844,32.55044174194336,2365910.0,,,,,,,,,,,,,,,,,,,,,,,,,,,,,,,,,,,,,,,,,,,,,,,,,,,,,,,,,,,,
2023-09-20,35.06999969482422,35.79999923706055,34.93000030517578,35.630001068115234,33.00433349609375,2584907.0,,,,,,,,,,,,,,,,,,,,,,,,,,,,,,,,,,,,,,,,,,,,,,,,,,,,,,,,,,,,
2023-09-21,35.29999923706055,35.630001068115234,34.9900016784668,35.279998779296875,32.68012619018555,1869218.0,,,,,,,,,,,,,,,,,,,,,,,,,,,,,,,,,,,,,,,,,,,,,,,,,,,,,,,,,,,,
2023-09-22,34.95000076293945,35.209999084472656,34.45000076293945,34.59000015258789,32.04097366333008,1889014.0,,,,,,,,,,,,,,,,,,,,,,,,,,,,,,,,,,,,,,,,,,,,,,,,,,,,,,,,,,,,
2023-09-25,34.459999084472656,34.77000045776367,33.88999938964844,33.88999938964844,31.39255714416504,2715333.0,,,,,,,,,,,,,,,,,,,,,,,,,,,,,,,,,,,,,,,,,,,,,,,,,,,,,,,,,,,,
2023-09-26,33.83000183105469,35.0,33.59000015258789,34.77000045776367,32.207706451416016,1923115.0,,,,,,,,,,,,,,,,,,,,,,,,,,,,,,,,,,,,,,,,,,,,,,,,,,,,,,,,,,,,
2023-09-27,34.93000030517578,34.93000030517578,33.95000076293945,34.0099983215332,31.50371551513672,1363674.0,,,,,,,,,,,,,,,,,,,,,,,,,,,,,,,,,,,,,,,,,,,,,,,,,,,,,,,,,,,,
2023-09-28,33.90999984741211,34.09000015258789,33.529998779296875,33.959999084472656,31.457399368286133,2370806.0,,,,,,,,,,,,,,,,,,,,,,,,,,,,,,,,,,,,,,,,,,,,,,,,,,,,,,,,,,,,
2023-09-29,34.349998474121094,34.97999954223633,33.970001220703125,34.720001220703125,32.16139602661133,3399302.0,,,,,,,,,,,,,,,,,,,,,,,,,,,,,,,,,,,,,,,,,,,,,,,,,,,,,,,,,,,,
2023-10-02,34.59000015258789,34.66999816894531,33.68000030517578,33.7599983215332,31.272136688232425,1839867.0,,,,,,,,,,,,,,,,,,,,,,,,,,,,,,,,,,,,,,,,,,,,,,,,,,,,,,,,,,,,
2023-10-03,33.7599983215332,34.27000045776367,33.459999084472656,33.880001068115234,31.38329696655273,2096839.0,,,,,,,,,,,,,,,,,,,,,,,,,,,,,,,,,,,,,,,,,,,,,,,,,,,,,,,,,,,,
2023-10-04,33.68000030517578,35.77000045776367,33.41999816894531,34.56999969482422,32.0224494934082,3523985.0,,,,,,,,,,,,,,,,,,,,,,,,,,,,,,,,,,,,,,,,,,,,,,,,,,,,,,,,,,,,
2023-10-05,35.0,35.0,34.36000061035156,34.790000915527344,32.22623443603516,1830926.0,,,,,,,,,,,,,,,,,,,,,,,,,,,,,,,,,,,,,,,,,,,,,,,,,,,,,,,,,,,,
2023-10-06,34.88999938964844,37.09000015258789,34.88999938964844,36.29999923706055,33.62495803833008,3519008.0,,,,,,,,,,,,,,,,,,,,,,,,,,,,,,,,,,,,,,,,,,,,,,,,,,,,,,,,,,,,
2023-10-09,36.0,37.209999084472656,35.5099983215332,36.70000076293945,33.9954833984375,2732108.0,,,,,,,,,,,,,,,,,,,,,,,,,,,,,,,,,,,,,,,,,,,,,,,,,,,,,,,,,,,,
2023-10-10,37.04999923706055,38.63999938964844,37.04999923706055,38.400001525878906,35.57020568847656,3415190.0,,,,,,,,,,,,,,,,,,,,,,,,,,,,,,,,,,,,,,,,,,,,,,,,,,,,,,,,,,,,
2023-10-11,38.45000076293945,39.59999847412109,38.29999923706055,39.290000915527344,36.39461898803711,4292809.0,,,,,,,,,,,,,,,,,,,,,,,,,,,,,,,,,,,,,,,,,,,,,,,,,,,,,,,,,,,,
2023-10-12,39.40999984741211,39.86000061035156,38.59999847412109,38.869998931884766,36.00556945800781,5911943.0,,,,,,,,,,,,,,,,,,,,,,,,,,,,,,,,,,,,,,,,,,,,,,,,,,,,,,,,,,,,
2023-10-13,38.560001373291016,39.06999969482422,37.7599983215332,38.650001525878906,35.80178451538086,2752924.0,,,,,,,,,,,,,,,,,,,,,,,,,,,,,,,,,,,,,,,,,,,,,,,,,,,,,,,,,,,,
2023-10-16,40.36000061035156,43.68999862670898,40.2400016784668,43.0,39.83121871948242,13661758.0,,,,,,,,,,,,,,,,,,,,,,,,,,,,,,,,,,,,,,,,,,,,,,,,,,,,,,,,,,,,
2023-10-17,42.900001525878906,44.93000030517578,42.4900016784668,43.09999847412109,39.9238510131836,5679473.0,,,,,,,,,,,,,,,,,,,,,,,,,,,,,,,,,,,,,,,,,,,,,,,,,,,,,,,,,,,,
2023-10-18,42.709999084472656,43.09000015258789,41.61000061035156,41.81999969482422,38.73817443847656,4783981.0,,,,,,,,,,,,,,,,,,,,,,,,,,,,,,,,,,,,,,,,,,,,,,,,,,,,,,,,,,,,
2023-10-19,41.380001068115234,41.58000183105469,40.43999862670898,40.54999923706055,37.561767578125,2346545.0,,,,,,,,,,,,,,,,,,,,,,,,,,,,,,,,,,,,,,,,,,,,,,,,,,,,,,,,,,,,
2023-10-20,40.09999847412109,40.75,39.7599983215332,39.97999954223633,37.03377151489258,2003995.0,,,,,,,,,,,,,,,,,,,,,,,,,,,,,,,,,,,,,,,,,,,,,,,,,,,,,,,,,,,,
2023-10-23,39.97999954223633,41.0,39.66999816894531,40.27999877929688,37.31166076660156,2205784.0,,,,,,,,,,,,,,,,,,,,,,,,,,,,,,,,,,,,,,,,,,,,,,,,,,,,,,,,,,,,
2023-10-24,40.400001525878906,41.90999984741211,40.400001525878906,41.119998931884766,38.08975982666016,3450320.0,,,,,,,,,,,,,,,,,,,,,,,,,,,,,,,,,,,,,,,,,,,,,,,,,,,,,,,,,,,,
2023-10-25,41.709999084472656,43.09000015258789,41.310001373291016,42.02999877929688,38.93269729614258,5119478.0,,,,,,,,,,,,,,,,,,,,,,,,,,,,,,,,,,,,,,,,,,,,,,,,,,,,,,,,,,,,
2023-10-26,41.52000045776367,42.9900016784668,40.970001220703125,42.650001525878906,39.50701522827149,3775738.0,,,,,,,,,,,,,,,,,,,,,,,,,,,,,,,,,,,,,,,,,,,,,,,,,,,,,,,,,,,,
2023-10-27,42.5,42.9900016784668,41.93999862670898,42.02000045776367,38.923439025878906,2268246.0,,,,,,,,,,,,,,,,,,,,,,,,,,,,,,,,,,,,,,,,,,,,,,,,,,,,,,,,,,,,
2023-10-30,42.04999923706055,43.16999816894531,42.04999923706055,42.72999954223633,39.58111572265625,1831249.0,,,,,,,,,,,,,,,,,,,,,,,,,,,,,,,,,,,,,,,,,,,,,,,,,,,,,,,,,,,,
2023-10-31,42.72999954223633,44.040000915527344,42.58000183105469,43.52000045776367,40.31290054321289,4110416.0,,,,,,,,,,,,,,,,,,,,,,,,,,,,,,,,,,,,,,,,,,,,,,,,,,,,,,,,,,,,
2023-11-02,43.84999847412109,44.16999816894531,42.810001373291016,43.2400016784668,40.05353546142578,2602052.0,,,,,,,,,,,,,,,,,,,,,,,,,,,,,,,,,,,,,,,,,,,,,,,,,,,,,,,,,,,,
2023-11-03,43.52999877929688,44.0,43.11000061035156,43.52999877929688,40.32216262817383,2172653.0,,,,,,,,,,,,,,,,,,,,,,,,,,,,,,,,,,,,,,,,,,,,,,,,,,,,,,,,,,,,
2023-11-06,43.52999877929688,44.18000030517578,43.2599983215332,43.59999847412109,40.38700485229492,2381236.0,,,,,,,,,,,,,,,,,,,,,,,,,,,,,,,,,,,,,,,,,,,,,,,,,,,,,,,,,,,,
2023-11-07,43.29999923706055,43.619998931884766,42.880001068115234,43.18000030517578,39.997955322265625,1976267.0,,,,,,,,,,,,,,,,,,,,,,,,,,,,,,,,,,,,,,,,,,,,,,,,,,,,,,,,,,,,
2023-11-08,42.95000076293945,43.150001525878906,41.68000030517578,42.36000061035156,39.23838424682617,3232735.0,,,,,,,,,,,,,,,,,,,,,,,,,,,,,,,,,,,,,,,,,,,,,,,,,,,,,,,,,,,,
2023-11-09,43.61000061035156,43.880001068115234,42.540000915527344,43.880001068115234,40.64636993408203,2434324.0,,,,,,,,,,,,,,,,,,,,,,,,,,,,,,,,,,,,,,,,,,,,,,,,,,,,,,,,,,,,
2023-11-10,43.650001525878906,44.650001525878906,43.56999969482422,43.79999923706055,40.572265625,2306888.0,,,,,,,,,,,,,,,,,,,,,,,,,,,,,,,,,,,,,,,,,,,,,,,,,,,,,,,,,,,,
2023-11-13,43.83000183105469,44.7400016784668,43.52000045776367,43.7400016784668,40.51668930053711,2058723.0,,,,,,,,,,,,,,,,,,,,,,,,,,,,,,,,,,,,,,,,,,,,,,,,,,,,,,,,,,,,
2023-11-14,43.7599983215332,46.79999923706055,43.72999954223633,46.63999938964844,43.20297622680664,4592761.0,,,,,,,,,,,,,,,,,,,,,,,,,,,,,,,,,,,,,,,,,,,,,,,,,,,,,,,,,,,,
2023-11-15,46.63999938964844,47.18000030517578,45.81999969482422,46.0,42.61014175415039,3446091.0,,,,,,,,,,,,,,,,,,,,,,,,,,,,,,,,,,,,,,,,,,,,,,,,,,,,,,,,,,,,
2023-11-16,46.0,47.59000015258789,45.84000015258789,46.93000030517578,43.47160720825195,3808435.0,,,,,,,,,,,,,,,,,,,,,,,,,,,,,,,,,,,,,,,,,,,,,,,,,,,,,,,,,,,,
2023-11-17,46.810001373291016,47.70000076293945,46.5099983215332,47.68000030517578,44.16633605957031,1918932.0,,,,,,,,,,,,,,,,,,,,,,,,,,,,,,,,,,,,,,,,,,,,,,,,,,,,,,,,,,,,
2023-11-20,47.68000030517578,48.5,47.27999877929688,48.0,44.46275329589844,2957678.0,,,,,,,,,,,,,,,,,,,,,,,,,,,,,,,,,,,,,,,,,,,,,,,,,,,,,,,,,,,,
2023-11-21,47.70000076293945,48.16999816894531,47.13999938964844,47.43999862670898,43.94402313232422,1992463.0,,,,,,,,,,,,,,,,,,,,,,,,,,,,,,,,,,,,,,,,,,,,,,,,,,,,,,,,,,,,
2023-11-22,47.38999938964844,47.5,46.630001068115234,47.11000061035156,43.63834381103516,2163108.0,,,,,,,,,,,,,,,,,,,,,,,,,,,,,,,,,,,,,,,,,,,,,,,,,,,,,,,,,,,,
2023-11-23,47.11000061035156,47.369998931884766,46.4900016784668,46.7400016784668,43.29561233520508,1068274.0,,,,,,,,,,,,,,,,,,,,,,,,,,,,,,,,,,,,,,,,,,,,,,,,,,,,,,,,,,,,
2023-11-24,46.59999847412109,46.869998931884766,46.38999938964844,46.52000045776367,43.09182357788086,1133250.0,,,,,,,,,,,,,,,,,,,,,,,,,,,,,,,,,,,,,,,,,,,,,,,,,,,,,,,,,,,,
2023-11-27,46.41999816894531,46.709999084472656,45.45000076293945,45.9900016784668,42.60087966918945,1675360.0,,,,,,,,,,,,,,,,,,,,,,,,,,,,,,,,,,,,,,,,,,,,,,,,,,,,,,,,,,,,
2023-11-28,45.650001525878906,47.2400016784668,45.650001525878906,46.90999984741211,43.45307922363281,1361617.0,,,,,,,,,,,,,,,,,,,,,,,,,,,,,,,,,,,,,,,,,,,,,,,,,,,,,,,,,,,,
2023-11-29,46.81999969482422,47.869998931884766,46.47999954223633,47.75,44.231178283691406,1735505.0,,,,,,,,,,,,,,,,,,,,,,,,,,,,,,,,,,,,,,,,,,,,,,,,,,,,,,,,,,,,
2023-11-30,47.59000015258789,47.81999969482422,47.04999923706055,47.52999877929688,44.02739334106445,3445627.0,,,,,,,,,,,,,,,,,,,,,,,,,,,,,,,,,,,,,,,,,,,,,,,,,,,,,,,,,,,,
2023-12-01,47.38999938964844,49.79999923706055,47.38999938964844,49.54999923706055,45.89853286743164,3027998.0,,,,,,,,,,,,,,,,,,,,,,,,,,,,,,,,,,,,,,,,,,,,,,,,,,,,,,,,,,,,
2023-12-04,49.34999847412109,49.93999862670898,49.18999862670898,49.29999923706055,45.66695785522461,1348739.0,,,,,,,,,,,,,,,,,,,,,,,,,,,,,,,,,,,,,,,,,,,,,,,,,,,,,,,,,,,,
2023-12-05,48.95000076293945,50.040000915527344,48.83000183105469,49.29999923706055,45.66695785522461,2117325.0,,,,,,,,,,,,,,,,,,,,,,,,,,,,,,,,,,,,,,,,,,,,,,,,,,,,,,,,,,,,
2023-12-06,49.400001525878906,50.02000045776367,48.91999816894531,49.43000030517578,45.787376403808594,3071865.0,,,,,,,,,,,,,,,,,,,,,,,,,,,,,,,,,,,,,,,,,,,,,,,,,,,,,,,,,,,,
2023-12-07,49.0,49.43000030517578,48.2599983215332,49.27000045776367,45.63916778564453,2456321.0,,,,,,,,,,,,,,,,,,,,,,,,,,,,,,,,,,,,,,,,,,,,,,,,,,,,,,,,,,,,
2023-12-08,49.0,49.7400016784668,49.0,49.540000915527344,45.8892707824707,1760859.0,,,,,,,,,,,,,,,,,,,,,,,,,,,,,,,,,,,,,,,,,,,,,,,,,,,,,,,,,,,,
2023-12-11,49.54999923706055,49.970001220703125,48.97999954223633,49.5099983215332,45.86147689819336,2460083.0,,,,,,,,,,,,,,,,,,,,,,,,,,,,,,,,,,,,,,,,,,,,,,,,,,,,,,,,,,,,
2023-12-12,49.54999923706055,49.93000030517578,48.72999954223633,49.22999954223633,45.60211563110352,2483153.0,,,,,,,,,,,,,,,,,,,,,,,,,,,,,,,,,,,,,,,,,,,,,,,,,,,,,,,,,,,,
2023-12-13,49.20000076293945,49.5099983215332,49.08000183105469,49.400001525878906,45.75958633422852,2672840.0,,,,,,,,,,,,,,,,,,,,,,,,,,,,,,,,,,,,,,,,,,,,,,,,,,,,,,,,,,,,
2023-12-14,49.880001068115234,49.88999938964844,49.150001525878906,49.5,45.85221862792969,3725102.0,,,,,,,,,,,,,,,,,,,,,,,,,,,,,,,,,,,,,,,,,,,,,,,,,,,,,,,,,,,,
2023-12-15,49.59999847412109,49.93000030517578,48.72999954223633,49.11000061035156,45.4909553527832,6364738.0,,,,,,,,,,,,,,,,,,,,,,,,,,,,,,,,,,,,,,,,,,,,,,,,,,,,,,,,,,,,
2023-12-18,48.95000076293945,50.459999084472656,48.77000045776367,50.400001525878906,46.68589401245117,2227220.0,,,,,,,,,,,,,,,,,,,,,,,,,,,,,,,,,,,,,,,,,,,,,,,,,,,,,,,,,,,,
2023-12-19,50.20000076293945,51.2599983215332,49.95000076293945,50.77999877929688,47.03788757324219,2891937.0,,,,,,,,,,,,,,,,,,,,,,,,,,,,,,,,,,,,,,,,,,,,,,,,,,,,,,,,,,,,
2023-12-20,50.70000076293945,51.2599983215332,50.0,50.459999084472656,46.74147033691406,1436545.0,,,,,,,,,,,,,,,,,,,,,,,,,,,,,,,,,,,,,,,,,,,,,,,,,,,,,,,,,,,,
2023-12-21,50.060001373291016,50.77999877929688,50.0,50.29999923706055,46.59326171875,2729777.0,,,,,,,,,,,,,,,,,,,,,,,,,,,,,,,,,,,,,,,,,,,,,,,,,,,,,,,,,,,,
2023-12-22,50.18000030517578,50.63999938964844,50.060001373291016,50.29999923706055,46.59326171875,1044221.0,,,,,,,,,,,,,,,,,,,,,,,,,,,,,,,,,,,,,,,,,,,,,,,,,,,,,,,,,,,,
2023-12-27,50.29999923706055,51.5,50.2599983215332,51.29999923706055,47.519569396972656,1542098.0,,,,,,,,,,,,,,,,,,,,,,,,,,,,,,,,,,,,,,,,,,,,,,,,,,,,,,,,,,,,
2023-12-28,51.400001525878906,51.459999084472656,50.459999084472656,50.58000183105469,46.852630615234375,1208271.0,,,,,,,,,,,,,,,,,,,,,,,,,,,,,,,,,,,,,,,,,,,,,,,,,,,,,,,,,,,,
2023-12-29,50.400001525878906,50.81999969482422,49.869998931884766,50.31999969482422,46.61178970336914,615213.0,,,,,,,,,,,,,,,,,,,,,,,,,,,,,,,,,,,,,,,,,,,,,,,,,,,,,,,,,,,,
2024-01-02,50.20000076293945,50.47999954223633,48.88999938964844,49.630001068115234,45.97263717651367,1565924.0,,,,,,,,,,,,,,,,,,,,,,,,,,,,,,,,,,,,,,,,,,,,,,,,,,,,,,,,,,,,
2024-01-03,49.52000045776367,50.040000915527344,49.040000915527344,50.040000915527344,46.35242462158203,2916849.0,,,,,,,,,,,,,,,,,,,,,,,,,,,,,,,,,,,,,,,,,,,,,,,,,,,,,,,,,,,,
2024-01-04,49.900001525878906,49.9900016784668,48.86000061035156,49.7400016784668,46.07453155517578,2707829.0,,,,,,,,,,,,,,,,,,,,,,,,,,,,,,,,,,,,,,,,,,,,,,,,,,,,,,,,,,,,
2024-01-05,49.209999084472656,49.88999938964844,48.02000045776367,49.7400016784668,46.07453155517578,3504411.0,,,,,,,,,,,,,,,,,,,,,,,,,,,,,,,,,,,,,,,,,,,,,,,,,,,,,,,,,,,,
2024-01-08,49.5099983215332,50.36000061035156,49.0,50.220001220703125,46.519161224365234,2660283.0,,,,,,,,,,,,,,,,,,,,,,,,,,,,,,,,,,,,,,,,,,,,,,,,,,,,,,,,,,,,
2024-01-09,50.380001068115234,50.619998931884766,49.06999969482422,50.59999847412109,46.87115478515625,4793299.0,,,,,,,,,,,,,,,,,,,,,,,,,,,,,,,,,,,,,,,,,,,,,,,,,,,,,,,,,,,,
2024-01-10,50.43999862670898,50.5,49.34999847412109,49.52000045776367,45.87074661254883,1951791.0,,,,,,,,,,,,,,,,,,,,,,,,,,,,,,,,,,,,,,,,,,,,,,,,,,,,,,,,,,,,
2024-01-11,49.900001525878906,49.97999954223633,48.36000061035156,48.45000076293945,44.87959289550781,2265597.0,,,,,,,,,,,,,,,,,,,,,,,,,,,,,,,,,,,,,,,,,,,,,,,,,,,,,,,,,,,,
2024-01-12,48.459999084472656,49.560001373291016,48.459999084472656,49.400001525878906,45.75958633422852,1705773.0,,,,,,,,,,,,,,,,,,,,,,,,,,,,,,,,,,,,,,,,,,,,,,,,,,,,,,,,,,,,
2024-01-15,49.5,49.59999847412109,48.40999984741211,48.900001525878906,45.29643249511719,1978939.0,,,,,,,,,,,,,,,,,,,,,,,,,,,,,,,,,,,,,,,,,,,,,,,,,,,,,,,,,,,,
2024-01-16,48.540000915527344,48.810001373291016,47.91999816894531,48.70000076293945,45.11117172241211,2052419.0,,,,,,,,,,,,,,,,,,,,,,,,,,,,,,,,,,,,,,,,,,,,,,,,,,,,,,,,,,,,
2024-01-17,48.400001525878906,48.93000030517578,47.77000045776367,48.59999847412109,45.01853942871094,2751434.0,,,,,,,,,,,,,,,,,,,,,,,,,,,,,,,,,,,,,,,,,,,,,,,,,,,,,,,,,,,,
2024-01-18,48.650001525878906,49.5099983215332,48.650001525878906,49.5,45.85221862792969,2119613.0,,,,,,,,,,,,,,,,,,,,,,,,,,,,,,,,,,,,,,,,,,,,,,,,,,,,,,,,,,,,
2024-01-19,49.4900016784668,50.220001220703125,49.310001373291016,49.77999877929688,46.1115837097168,4388583.0,,,,,,,,,,,,,,,,,,,,,,,,,,,,,,,,,,,,,,,,,,,,,,,,,,,,,,,,,,,,
2024-01-22,49.97999954223633,50.43999862670898,49.59999847412109,49.95000076293945,46.26905822753906,4631355.0,,,,,,,,,,,,,,,,,,,,,,,,,,,,,,,,,,,,,,,,,,,,,,,,,,,,,,,,,,,,
2024-01-23,50.0,50.09999847412109,49.2599983215332,49.619998931884766,45.963375091552734,3041197.0,,,,,,,,,,,,,,,,,,,,,,,,,,,,,,,,,,,,,,,,,,,,,,,,,,,,,,,,,,,,
2024-01-24,48.77999877929688,48.93999862670898,48.380001068115234,48.720001220703125,46.32469177246094,3538040.0,,,,,,,,,,,,,,,,,,,,,,,,,,,,,,,,,,,,,,,,,,,,,,,,,,,,,,,,,,,,
2024-01-25,48.68999862670898,48.880001068115234,48.13999938964844,48.75,46.35321807861328,3124437.0,,,,,,,,,,,,,,,,,,,,,,,,,,,,,,,,,,,,,,,,,,,,,,,,,,,,,,,,,,,,
2024-01-26,48.59000015258789,49.34000015258789,48.27000045776367,49.2599983215332,46.83814239501953,4339511.0,,,,,,,,,,,,,,,,,,,,,,,,,,,,,,,,,,,,,,,,,,,,,,,,,,,,,,,,,,,,
2024-01-29,49.2599983215332,49.34000015258789,48.619998931884766,48.70000076293945,46.3056755065918,2481309.0,,,,,,,,,,,,,,,,,,,,,,,,,,,,,,,,,,,,,,,,,,,,,,,,,,,,,,,,,,,,
2024-01-30,48.9900016784668,49.91999816894531,48.75,49.91999816894531,47.46569442749024,2828944.0,,,,,,,,,,,,,,,,,,,,,,,,,,,,,,,,,,,,,,,,,,,,,,,,,,,,,,,,,,,,
2024-01-31,49.91999816894531,51.0,49.79999923706055,51.0,48.49259567260742,4052460.0,,,,,,,,,,,,,,,,,,,,,,,,,,,,,,,,,,,,,,,,,,,,,,,,,,,,,,,,,,,,
2024-02-01,50.79999923706055,51.70000076293945,50.2400016784668,51.20000076293945,48.68276596069336,3364620.0,,,,,,,,,,,,,,,,,,,,,,,,,,,,,,,,,,,,,,,,,,,,,,,,,,,,,,,,,,,,
2024-02-02,51.900001525878906,53.560001373291016,51.84000015258789,53.540000915527344,50.90771865844727,4779663.0,,,,,,,,,,,,,,,,,,,,,,,,,,,,,,,,,,,,,,,,,,,,,,,,,,,,,,,,,,,,
2024-02-05,53.540000915527344,54.15999984741211,53.060001373291016,53.20000076293945,50.584434509277344,4654242.0,,,,,,,,,,,,,,,,,,,,,,,,,,,,,,,,,,,,,,,,,,,,,,,,,,,,,,,,,,,,
2024-02-06,53.34000015258789,54.09999847412109,52.68000030517578,52.93999862670898,50.337215423583984,4273440.0,,,,,,,,,,,,,,,,,,,,,,,,,,,,,,,,,,,,,,,,,,,,,,,,,,,,,,,,,,,,
2024-02-07,53.2599983215332,53.400001525878906,52.29999923706055,53.0,50.39426803588867,2966527.0,,,,,,,,,,,,,,,,,,,,,,,,,,,,,,,,,,,,,,,,,,,,,,,,,,,,,,,,,,,,
2024-02-08,53.0,53.2400016784668,51.900001525878906,52.400001525878906,49.823768615722656,1974649.0,,,,,,,,,,,,,,,,,,,,,,,,,,,,,,,,,,,,,,,,,,,,,,,,,,,,,,,,,,,,
2024-02-09,52.27999877929688,52.560001373291016,51.93999862670898,52.15999984741211,49.59556579589844,1045256.0,,,,,,,,,,,,,,,,,,,,,,,,,,,,,,,,,,,,,,,,,,,,,,,,,,,,,,,,,,,,
2024-02-12,52.20000076293945,52.63999938964844,51.41999816894531,52.29999923706055,49.72868347167969,1781957.0,,,,,,,,,,,,,,,,,,,,,,,,,,,,,,,,,,,,,,,,,,,,,,,,,,,,,,,,,,,,
2024-02-13,52.0,52.79999923706055,51.58000183105469,52.02000045776367,49.46244812011719,1708445.0,,,,,,,,,,,,,,,,,,,,,,,,,,,,,,,,,,,,,,,,,,,,,,,,,,,,,,,,,,,,
2024-02-14,52.02000045776367,53.65999984741211,51.77999877929688,53.47999954223633,50.85066604614258,1627473.0,,,,,,,,,,,,,,,,,,,,,,,,,,,,,,,,,,,,,,,,,,,,,,,,,,,,,,,,,,,,
2024-02-15,53.900001525878906,54.2400016784668,52.540000915527344,52.900001525878906,50.29918670654297,1609280.0,,,,,,,,,,,,,,,,,,,,,,,,,,,,,,,,,,,,,,,,,,,,,,,,,,,,,,,,,,,,
2024-02-16,53.0,54.459999084472656,53.0,53.84000015258789,51.192970275878906,1844377.0,,,,,,,,,,,,,,,,,,,,,,,,,,,,,,,,,,,,,,,,,,,,,,,,,,,,,,,,,,,,
2024-02-19,53.02000045776367,54.08000183105469,53.02000045776367,53.93999862670898,51.28805160522461,1213390.0,,,,,,,,,,,,,,,,,,,,,,,,,,,,,,,,,,,,,,,,,,,,,,,,,,,,,,,,,,,,
2024-02-20,54.20000076293945,55.43999862670898,53.65999984741211,55.27999877929688,52.56217193603516,4492971.0,,,,,,,,,,,,,,,,,,,,,,,,,,,,,,,,,,,,,,,,,,,,,,,,,,,,,,,,,,,,
2024-02-21,55.27999877929688,56.08000183105469,55.08000183105469,55.41999816894531,52.69528579711914,3193670.0,,,,,,,,,,,,,,,,,,,,,,,,,,,,,,,,,,,,,,,,,,,,,,,,,,,,,,,,,,,,
2024-02-22,55.70000076293945,56.65999984741211,55.65999984741211,56.09999847412109,53.34185409545898,3513935.0,,,,,,,,,,,,,,,,,,,,,,,,,,,,,,,,,,,,,,,,,,,,,,,,,,,,,,,,,,,,
2024-02-23,56.2599983215332,56.880001068115234,55.93999862670898,56.5,53.7221908569336,4408878.0,,,,,,,,,,,,,,,,,,,,,,,,,,,,,,,,,,,,,,,,,,,,,,,,,,,,,,,,,,,,
2024-02-26,56.5,56.7599983215332,55.7599983215332,55.81999969482422,53.07562255859375,2991815.0,,,,,,,,,,,,,,,,,,,,,,,,,,,,,,,,,,,,,,,,,,,,,,,,,,,,,,,,,,,,
2024-02-27,55.77999877929688,55.959999084472656,54.86000061035156,55.29999923706055,52.5811882019043,3056011.0,,,,,,,,,,,,,,,,,,,,,,,,,,,,,,,,,,,,,,,,,,,,,,,,,,,,,,,,,,,,
2024-02-28,55.31999969482422,55.5,54.43999862670898,54.459999084472656,51.78248596191406,1763180.0,,,,,,,,,,,,,,,,,,,,,,,,,,,,,,,,,,,,,,,,,,,,,,,,,,,,,,,,,,,,
2024-02-29,54.41999816894531,56.09999847412109,54.41999816894531,55.560001373291016,52.828407287597656,4304469.0,,,,,,,,,,,,,,,,,,,,,,,,,,,,,,,,,,,,,,,,,,,,,,,,,,,,,,,,,,,,
2024-03-01,56.0,56.29999923706055,55.560001373291016,56.2400016784668,53.4749755859375,3295474.0,,,,,,,,,,,,,,,,,,,,,,,,,,,,,,,,,,,,,,,,,,,,,,,,,,,,,,,,,,,,
2024-03-04,56.43999862670898,56.86000061035156,56.13999938964844,56.41999816894531,53.646121978759766,2351096.0,,,,,,,,,,,,,,,,,,,,,,,,,,,,,,,,,,,,,,,,,,,,,,,,,,,,,,,,,,,,
2024-03-05,56.0,56.29999923706055,55.09999847412109,55.20000076293945,52.486106872558594,2091812.0,,,,,,,,,,,,,,,,,,,,,,,,,,,,,,,,,,,,,,,,,,,,,,,,,,,,,,,,,,,,
2024-03-06,55.560001373291016,55.7599983215332,54.59999847412109,55.2599983215332,52.54315185546875,2357174.0,,,,,,,,,,,,,,,,,,,,,,,,,,,,,,,,,,,,,,,,,,,,,,,,,,,,,,,,,,,,
2024-03-07,54.59999847412109,54.86000061035156,52.09999847412109,53.47999954223633,50.85066604614258,3694684.0,,,,,,,,,,,,,,,,,,,,,,,,,,,,,,,,,,,,,,,,,,,,,,,,,,,,,,,,,,,,
2024-03-08,53.2599983215332,53.68000030517578,51.65999984741211,53.36000061035156,50.73656845092773,4274467.0,,,,,,,,,,,,,,,,,,,,,,,,,,,,,,,,,,,,,,,,,,,,,,,,,,,,,,,,,,,,
2024-03-11,53.0,55.060001373291016,52.81999969482422,55.0,52.295936584472656,2140957.0,,,,,,,,,,,,,,,,,,,,,,,,,,,,,,,,,,,,,,,,,,,,,,,,,,,,,,,,,,,,
2024-03-12,55.0,56.880001068115234,54.08000183105469,56.86000061035156,54.064491271972656,3257963.0,,,,,,,,,,,,,,,,,,,,,,,,,,,,,,,,,,,,,,,,,,,,,,,,,,,,,,,,,,,,
2024-03-13,56.41999816894531,57.65999984741211,56.060001373291016,56.29999923706055,53.53202438354492,3348723.0,,,,,,,,,,,,,,,,,,,,,,,,,,,,,,,,,,,,,,,,,,,,,,,,,,,,,,,,,,,,
2024-03-14,56.02000045776367,56.619998931884766,55.58000183105469,56.29999923706055,53.53202438354492,2577417.0,,,,,,,,,,,,,,,,,,,,,,,,,,,,,,,,,,,,,,,,,,,,,,,,,,,,,,,,,,,,
2024-03-15,55.93999862670898,57.040000915527344,54.02000045776367,55.31999969482422,52.60020446777344,10830905.0,,,,,,,,,,,,,,,,,,,,,,,,,,,,,,,,,,,,,,,,,,,,,,,,,,,,,,,,,,,,
2024-03-18,55.0,55.65999984741211,54.400001525878906,55.52000045776367,52.79037094116211,2219828.0,,,,,,,,,,,,,,,,,,,,,,,,,,,,,,,,,,,,,,,,,,,,,,,,,,,,,,,,,,,,
2024-03-19,55.5,56.040000915527344,54.220001220703125,55.27999877929688,52.56217193603516,2337054.0,,,,,,,,,,,,,,,,,,,,,,,,,,,,,,,,,,,,,,,,,,,,,,,,,,,,,,,,,,,,
2024-03-20,55.93999862670898,56.31999969482422,54.900001525878906,56.20000076293945,53.43693923950195,2218554.0,,,,,,,,,,,,,,,,,,,,,,,,,,,,,,,,,,,,,,,,,,,,,,,,,,,,,,,,,,,,
2024-03-21,57.0,58.09999847412109,56.79999923706055,58.09999847412109,55.24352645874024,3009235.0,,,,,,,,,,,,,,,,,,,,,,,,,,,,,,,,,,,,,,,,,,,,,,,,,,,,,,,,,,,,
2024-03-22,58.09999847412109,58.52000045776367,57.400001525878906,57.619998931884766,54.78712463378906,2060512.0,,,,,,,,,,,,,,,,,,,,,,,,,,,,,,,,,,,,,,,,,,,,,,,,,,,,,,,,,,,,
2024-03-25,57.63999938964844,58.08000183105469,57.09999847412109,57.09999847412109,54.29269027709961,1832379.0,,,,,,,,,,,,,,,,,,,,,,,,,,,,,,,,,,,,,,,,,,,,,,,,,,,,,,,,,,,,
2024-03-26,57.08000183105469,58.400001525878906,56.619998931884766,58.20000076293945,55.3386116027832,2748627.0,,,,,,,,,,,,,,,,,,,,,,,,,,,,,,,,,,,,,,,,,,,,,,,,,,,,,,,,,,,,
2024-03-27,57.7400016784668,58.58000183105469,57.7400016784668,58.400001525878906,55.52877807617188,2393602.0,,,,,,,,,,,,,,,,,,,,,,,,,,,,,,,,,,,,,,,,,,,,,,,,,,,,,,,,,,,,
2024-03-28,58.29999923706055,59.65999984741211,58.29999923706055,59.34000015258789,56.42256164550781,2048382.0,,,,,,,,,,,,,,,,,,,,,,,,,,,,,,,,,,,,,,,,,,,,,,,,,,,,,,,,,,,,
2024-04-02,59.34000015258789,60.13999938964844,58.93999862670898,59.0,56.09927749633789,3094111.0,,,,,,,,,,,,,,,,,,,,,,,,,,,,,,,,,,,,,,,,,,,,,,,,,,,,,,,,,,,,
2024-04-03,59.15999984741211,59.91999816894531,58.7400016784668,59.20000076293945,56.28944778442383,2871463.0,,,,,,,,,,,,,,,,,,,,,,,,,,,,,,,,,,,,,,,,,,,,,,,,,,,,,,,,,,,,
2024-04-04,59.47999954223633,60.09999847412109,58.91999816894531,60.0,57.05011367797852,2301922.0,,,,,,,,,,,,,,,,,,,,,,,,,,,,,,,,,,,,,,,,,,,,,,,,,,,,,,,,,,,,
2024-04-05,59.29999923706055,60.34000015258789,59.20000076293945,60.2400016784668,57.278316497802734,3149976.0,,,,,,,,,,,,,,,,,,,,,,,,,,,,,,,,,,,,,,,,,,,,,,,,,,,,,,,,,,,,
2024-04-08,60.02000045776367,61.52000045776367,59.79999923706055,61.040000915527344,58.03898239135742,3023460.0,,,,,,,,,,,,,,,,,,,,,,,,,,,,,,,,,,,,,,,,,,,,,,,,,,,,,,,,,,,,
2024-04-09,61.060001373291016,61.119998931884766,59.02000045776367,59.20000076293945,56.28944778442383,2698271.0,,,,,,,,,,,,,,,,,,,,,,,,,,,,,,,,,,,,,,,,,,,,,,,,,,,,,,,,,,,,
2024-04-10,60.0,60.63999938964844,59.29999923706055,59.93999862670898,56.99306106567383,2031072.0,,,,,,,,,,,,,,,,,,,,,,,,,,,,,,,,,,,,,,,,,,,,,,,,,,,,,,,,,,,,
2024-04-11,59.5,60.20000076293945,58.060001373291016,58.20000076293945,55.3386116027832,1702088.0,,,,,,,,,,,,,,,,,,,,,,,,,,,,,,,,,,,,,,,,,,,,,,,,,,,,,,,,,,,,
2024-04-12,58.900001525878906,59.09999847412109,57.79999923706055,57.79999923706055,54.958274841308594,1758423.0,,,,,,,,,,,,,,,,,,,,,,,,,,,,,,,,,,,,,,,,,,,,,,,,,,,,,,,,,,,,
2024-04-15,57.79999923706055,58.7400016784668,57.79999923706055,58.18000030517578,55.31959533691406,1249947.0,,,,,,,,,,,,,,,,,,,,,,,,,,,,,,,,,,,,,,,,,,,,,,,,,,,,,,,,,,,,
2024-04-16,57.400001525878906,57.720001220703125,55.619998931884766,55.86000061035156,53.11365509033203,4475632.0,,,,,,,,,,,,,,,,,,,,,,,,,,,,,,,,,,,,,,,,,,,,,,,,,,,,,,,,,,,,
2024-04-17,56.29999923706055,58.27999877929688,56.119998931884766,57.93999862670898,55.09139251708984,2986324.0,,,,,,,,,,,,,,,,,,,,,,,,,,,,,,,,,,,,,,,,,,,,,,,,,,,,,,,,,,,,
2024-04-18,58.119998931884766,58.900001525878906,57.52000045776367,58.84000015258789,55.9471435546875,2954915.0,,,,,,,,,,,,,,,,,,,,,,,,,,,,,,,,,,,,,,,,,,,,,,,,,,,,,,,,,,,,
2024-04-19,58.43999862670898,59.15999984741211,57.93999862670898,59.119998931884766,56.21337890625,3359654.0,,,,,,,,,,,,,,,,,,,,,,,,,,,,,,,,,,,,,,,,,,,,,,,,,,,,,,,,,,,,
2024-04-22,59.31999969482422,60.43999862670898,59.31999969482422,60.119998931884766,57.16421127319336,2341489.0,,,,,,,,,,,,,,,,,,,,,,,,,,,,,,,,,,,,,,,,,,,,,,,,,,,,,,,,,,,,
2024-04-23,60.20000076293945,63.08000183105469,60.20000076293945,62.58000183105469,59.50326919555664,3779796.0,,,,,,,,,,,,,,,,,,,,,,,,,,,,,,,,,,,,,,,,,,,,,,,,,,,,,,,,,,,,
2024-04-24,62.5,62.91999816894531,61.97999954223633,62.619998931884766,59.54130172729492,3198157.0,,,,,,,,,,,,,,,,,,,,,,,,,,,,,,,,,,,,,,,,,,,,,,,,,,,,,,,,,,,,
2024-04-25,62.36000061035156,62.77999877929688,61.63999938964844,62.0,58.9517822265625,4119725.0,,,,,,,,,,,,,,,,,,,,,,,,,,,,,,,,,,,,,,,,,,,,,,,,,,,,,,,,,,,,
2024-04-26,62.29999923706055,62.720001220703125,61.41999816894531,61.70000076293945,58.666534423828125,2998376.0,,,,,,,,,,,,,,,,,,,,,,,,,,,,,,,,,,,,,,,,,,,,,,,,,,,,,,,,,,,,
2024-04-29,61.619998931884766,62.20000076293945,60.31999969482422,61.52000045776367,58.495384216308594,2164247.0,,,,,,,,,,,,,,,,,,,,,,,,,,,,,,,,,,,,,,,,,,,,,,,,,,,,,,,,,,,,
2024-04-30,61.900001525878906,61.900001525878906,60.41999816894531,60.70000076293945,57.7156982421875,2723091.0,,,,,,,,,,,,,,,,,,,,,,,,,,,,,,,,,,,,,,,,,,,,,,,,,,,,,,,,,,,,
2024-05-02,61.02000045776367,61.540000915527344,59.619998931884766,60.060001373291016,57.1071662902832,2243237.0,,,,,,,,,,,,,,,,,,,,,,,,,,,,,,,,,,,,,,,,,,,,,,,,,,,,,,,,,,,,
2024-05-06,60.119998931884766,61.540000915527344,59.380001068115234,61.20000076293945,58.19111633300781,3891740.0,,,,,,,,,,,,,,,,,,,,,,,,,,,,,,,,,,,,,,,,,,,,,,,,,,,,,,,,,,,,
2024-05-07,61.52000045776367,61.70000076293945,60.15999984741211,60.619998931884766,57.63962936401367,2833469.0,,,,,,,,,,,,,,,,,,,,,,,,,,,,,,,,,,,,,,,,,,,,,,,,,,,,,,,,,,,,
2024-05-08,60.400001525878906,60.91999816894531,60.0,60.77999877929688,57.79176330566406,2463429.0,,,,,,,,,,,,,,,,,,,,,,,,,,,,,,,,,,,,,,,,,,,,,,,,,,,,,,,,,,,,
2024-05-09,61.20000076293945,61.7599983215332,60.540000915527344,60.619998931884766,57.63962936401367,1916908.0,,,,,,,,,,,,,,,,,,,,,,,,,,,,,,,,,,,,,,,,,,,,,,,,,,,,,,,,,,,,
2024-05-10,61.20000076293945,61.2599983215332,57.560001373291016,57.560001373291016,54.73007583618164,3682111.0,,,,,,,,,,,,,,,,,,,,,,,,,,,,,,,,,,,,,,,,,,,,,,,,,,,,,,,,,,,,
2024-05-13,57.720001220703125,58.459999084472656,57.27999877929688,58.060001373291016,55.20549392700195,1832523.0,,,,,,,,,,,,,,,,,,,,,,,,,,,,,,,,,,,,,,,,,,,,,,,,,,,,,,,,,,,,
2024-05-14,57.959999084472656,58.20000076293945,56.63999938964844,57.68000030517578,54.84417724609375,3092146.0,,,,,,,,,,,,,,,,,,,,,,,,,,,,,,,,,,,,,,,,,,,,,,,,,,,,,,,,,,,,
2024-05-15,57.560001373291016,57.880001068115234,56.84000015258789,57.59999847412109,54.76810836791992,3436021.0,,,,,,,,,,,,,,,,,,,,,,,,,,,,,,,,,,,,,,,,,,,,,,,,,,,,,,,,,,,,
2024-05-16,57.65999984741211,58.18000030517578,57.119998931884766,57.47999954223633,54.65400695800781,2334830.0,,,,,,,,,,,,,,,,,,,,,,,,,,,,,,,,,,,,,,,,,,,,,,,,,,,,,,,,,,,,
2024-05-17,57.13999938964844,57.459999084472656,56.220001220703125,57.060001373291016,54.25465774536133,2012403.0,,,,,,,,,,,,,,,,,,,,,,,,,,,,,,,,,,,,,,,,,,,,,,,,,,,,,,,,,,,,
2024-05-20,57.15999984741211,57.63999938964844,56.93999862670898,57.20000076293945,54.38777542114258,3010326.0,,,,,,,,,,,,,,,,,,,,,,,,,,,,,,,,,,,,,,,,,,,,,,,,,,,,,,,,,,,,
2024-05-21,57.18000030517578,57.18000030517578,56.59999847412109,57.13999938964844,54.33072280883789,2179519.0,,,,,,,,,,,,,,,,,,,,,,,,,,,,,,,,,,,,,,,,,,,,,,,,,,,,,,,,,,,,
2024-05-22,57.13999938964844,57.13999938964844,56.43999862670898,57.0,54.19760894775391,2136725.0,,,,,,,,,,,,,,,,,,,,,,,,,,,,,,,,,,,,,,,,,,,,,,,,,,,,,,,,,,,,
2024-05-23,57.18000030517578,59.040000915527344,57.040000915527344,58.34000015258789,55.47172546386719,2259832.0,,,,,,,,,,,,,,,,,,,,,,,,,,,,,,,,,,,,,,,,,,,,,,,,,,,,,,,,,,,,
2024-05-24,57.880001068115234,58.13999938964844,57.27999877929688,58.02000045776367,55.16746139526367,1828765.0,,,,,,,,,,,,,,,,,,,,,,,,,,,,,,,,,,,,,,,,,,,,,,,,,,,,,,,,,,,,
2024-05-27,58.02000045776367,58.58000183105469,57.97999954223633,58.29999923706055,55.433692932128906,1343515.0,,,,,,,,,,,,,,,,,,,,,,,,,,,,,,,,,,,,,,,,,,,,,,,,,,,,,,,,,,,,
2024-05-28,58.5,58.65999984741211,57.540000915527344,57.93999862670898,55.09139251708984,1959828.0,,,,,,,,,,,,,,,,,,,,,,,,,,,,,,,,,,,,,,,,,,,,,,,,,,,,,,,,,,,,
2024-05-29,57.86000061035156,58.20000076293945,57.34000015258789,57.459999084472656,54.63499069213867,2556501.0,,,,,,,,,,,,,,,,,,,,,,,,,,,,,,,,,,,,,,,,,,,,,,,,,,,,,,,,,,,,
2024-05-31,58.02000045776367,60.15999984741211,57.7599983215332,59.36000061035156,56.44157791137695,6116412.0,,,,,,,,,,,,,,,,,,,,,,,,,,,,,,,,,,,,,,,,,,,,,,,,,,,,,,,,,,,,
2024-06-03,59.97999954223633,60.27999877929688,58.91999816894531,59.0,56.09927749633789,1541923.0,,,,,,,,,,,,,,,,,,,,,,,,,,,,,,,,,,,,,,,,,,,,,,,,,,,,,,,,,,,,
2024-06-04,59.20000076293945,59.20000076293945,55.880001068115234,56.18000030517578,53.41792297363281,2958529.0,,,,,,,,,,,,,,,,,,,,,,,,,,,,,,,,,,,,,,,,,,,,,,,,,,,,,,,,,,,,
2024-06-05,56.400001525878906,57.29999923706055,56.220001220703125,57.02000045776367,54.21662521362305,1698236.0,,,,,,,,,,,,,,,,,,,,,,,,,,,,,,,,,,,,,,,,,,,,,,,,,,,,,,,,,,,,
2024-06-06,57.41999816894531,57.91999816894531,57.0,57.720001220703125,54.88220977783203,1494197.0,,,,,,,,,,,,,,,,,,,,,,,,,,,,,,,,,,,,,,,,,,,,,,,,,,,,,,,,,,,,
2024-06-07,57.900001525878906,57.91999816894531,56.36000061035156,56.93999862670898,54.14055633544922,1629990.0,,,,,,,,,,,,,,,,,,,,,,,,,,,,,,,,,,,,,,,,,,,,,,,,,,,,,,,,,,,,
2024-06-10,56.93999862670898,56.93999862670898,55.97999954223633,56.540000915527344,53.76022338867188,1348709.0,,,,,,,,,,,,,,,,,,,,,,,,,,,,,,,,,,,,,,,,,,,,,,,,,,,,,,,,,,,,
2024-06-11,56.70000076293945,57.18000030517578,55.77999877929688,56.18000030517578,53.41792297363281,1751441.0,,,,,,,,,,,,,,,,,,,,,,,,,,,,,,,,,,,,,,,,,,,,,,,,,,,,,,,,,,,,
2024-06-12,56.36000061035156,57.93999862670898,56.29999923706055,57.34000015258789,54.52089309692383,2150347.0,,,,,,,,,,,,,,,,,,,,,,,,,,,,,,,,,,,,,,,,,,,,,,,,,,,,,,,,,,,,
2024-06-13,57.09999847412109,57.5,56.58000183105469,56.68000030517578,53.893341064453125,1916075.0,,,,,,,,,,,,,,,,,,,,,,,,,,,,,,,,,,,,,,,,,,,,,,,,,,,,,,,,,,,,
2024-06-14,56.70000076293945,57.400001525878906,56.68000030517578,57.29999923706055,54.48285675048828,5376086.0,,,,,,,,,,,,,,,,,,,,,,,,,,,,,,,,,,,,,,,,,,,,,,,,,,,,,,,,,,,,
2024-06-17,57.380001068115234,58.68000030517578,56.959999084472656,58.58000183105469,55.699928283691406,2408816.0,,,,,,,,,,,,,,,,,,,,,,,,,,,,,,,,,,,,,,,,,,,,,,,,,,,,,,,,,,,,
2024-06-18,58.93999862670898,60.459999084472656,58.900001525878906,59.2400016784668,56.32748031616211,3568765.0,,,,,,,,,,,,,,,,,,,,,,,,,,,,,,,,,,,,,,,,,,,,,,,,,,,,,,,,,,,,
2024-06-19,59.20000076293945,60.91999816894531,58.400001525878906,60.5,57.52553176879883,2604392.0,,,,,,,,,,,,,,,,,,,,,,,,,,,,,,,,,,,,,,,,,,,,,,,,,,,,,,,,,,,,
2024-06-20,61.0,62.29999923706055,60.68000030517578,61.29999923706055,58.28619766235352,2163407.0,,,,,,,,,,,,,,,,,,,,,,,,,,,,,,,,,,,,,,,,,,,,,,,,,,,,,,,,,,,,
2024-06-21,61.36000061035156,61.79999923706055,60.31999969482422,60.59999847412109,57.62061309814453,4112205.0,,,,,,,,,,,,,,,,,,,,,,,,,,,,,,,,,,,,,,,,,,,,,,,,,,,,,,,,,,,,
2024-06-24,60.59999847412109,61.77999877929688,60.060001373291016,61.47999954223633,58.45734786987305,1317761.0,,,,,,,,,,,,,,,,,,,,,,,,,,,,,,,,,,,,,,,,,,,,,,,,,,,,,,,,,,,,
2024-06-25,61.459999084472656,62.86000061035156,61.09999847412109,62.52000045776367,59.44622039794922,3330419.0,,,,,,,,,,,,,,,,,,,,,,,,,,,,,,,,,,,,,,,,,,,,,,,,,,,,,,,,,,,,
2024-06-26,62.59999847412109,62.880001068115234,61.97999954223633,62.2599983215332,59.19900131225586,1802404.0,,,,,,,,,,,,,,,,,,,,,,,,,,,,,,,,,,,,,,,,,,,,,,,,,,,,,,,,,,,,
2024-06-27,62.47999954223633,62.79999923706055,62.119998931884766,62.63999938964844,59.56031799316406,1918231.0,,,,,,,,,,,,,,,,,,,,,,,,,,,,,,,,,,,,,,,,,,,,,,,,,,,,,,,,,,,,
2024-06-28,62.560001373291016,63.43999862670898,62.380001068115234,62.91999816894531,59.8265495300293,4460498.0,,,,,,,,,,,,,,,,,,,,,,,,,,,,,,,,,,,,,,,,,,,,,,,,,,,,,,,,,,,,
2024-07-01,62.91999816894531,63.540000915527344,62.43999862670898,62.58000183105469,59.50326919555664,1166648.0,,,,,,,,,,,,,,,,,,,,,,,,,,,,,,,,,,,,,,,,,,,,,,,,,,,,,,,,,,,,
2024-07-02,62.400001525878906,62.5,61.41999816894531,61.84000015258789,58.799652099609375,1142292.0,,,,,,,,,,,,,,,,,,,,,,,,,,,,,,,,,,,,,,,,,,,,,,,,,,,,,,,,,,,,
2024-07-03,62.27999877929688,62.79999923706055,61.52000045776367,61.70000076293945,58.666534423828125,1706864.0,,,,,,,,,,,,,,,,,,,,,,,,,,,,,,,,,,,,,,,,,,,,,,,,,,,,,,,,,,,,
2024-07-04,62.29999923706055,62.29999923706055,61.43999862670898,61.86000061035156,58.81866836547852,1210773.0,,,,,,,,,,,,,,,,,,,,,,,,,,,,,,,,,,,,,,,,,,,,,,,,,,,,,,,,,,,,
2024-07-05,62.0,62.040000915527344,60.91999816894531,61.040000915527344,58.03898239135742,1001280.0,,,,,,,,,,,,,,,,,,,,,,,,,,,,,,,,,,,,,,,,,,,,,,,,,,,,,,,,,,,,
2024-07-08,60.91999816894531,61.79999923706055,60.720001220703125,61.459999084472656,58.43833160400391,907247.0,,,,,,,,,,,,,,,,,,,,,,,,,,,,,,,,,,,,,,,,,,,,,,,,,,,,,,,,,,,,
2024-07-09,61.70000076293945,62.08000183105469,61.20000076293945,61.70000076293945,58.666534423828125,2424591.0,,,,,,,,,,,,,,,,,,,,,,,,,,,,,,,,,,,,,,,,,,,,,,,,,,,,,,,,,,,,
2024-07-10,61.70000076293945,62.119998931884766,61.2400016784668,61.41999816894531,58.400299072265625,2639397.0,,,,,,,,,,,,,,,,,,,,,,,,,,,,,,,,,,,,,,,,,,,,,,,,,,,,,,,,,,,,
2024-07-11,61.540000915527344,61.91999816894531,61.060001373291016,61.36000061035156,58.3432502746582,2184421.0,,,,,,,,,,,,,,,,,,,,,,,,,,,,,,,,,,,,,,,,,,,,,,,,,,,,,,,,,,,,
2024-07-12,61.47999954223633,61.47999954223633,60.91999816894531,61.27999877929688,58.267181396484375,1746733.0,,,,,,,,,,,,,,,,,,,,,,,,,,,,,,,,,,,,,,,,,,,,,,,,,,,,,,,,,,,,
2024-07-15,61.02000045776367,61.5,60.58000183105469,61.18000030517578,58.17210006713867,1671889.0,,,,,,,,,,,,,,,,,,,,,,,,,,,,,,,,,,,,,,,,,,,,,,,,,,,,,,,,,,,,
2024-07-16,60.81999969482422,61.2400016784668,59.63999938964844,59.68000030517578,56.74584579467773,2840944.0,,,,,,,,,,,,,,,,,,,,,,,,,,,,,,,,,,,,,,,,,,,,,,,,,,,,,,,,,,,,
2024-07-17,59.619998931884766,60.27999877929688,58.15999984741211,58.880001068115234,55.98517990112305,2073575.0,,,,,,,,,,,,,,,,,,,,,,,,,,,,,,,,,,,,,,,,,,,,,,,,,,,,,,,,,,,,
2024-07-18,59.7400016784668,61.060001373291016,59.119998931884766,61.0,58.00094985961914,3315933.0,,,,,,,,,,,,,,,,,,,,,,,,,,,,,,,,,,,,,,,,,,,,,,,,,,,,,,,,,,,,
2024-07-19,61.0,61.09999847412109,59.02000045776367,60.15999984741211,57.202247619628906,2684152.0,,,,,,,,,,,,,,,,,,,,,,,,,,,,,,,,,,,,,,,,,,,,,,,,,,,,,,,,,,,,
2024-07-22,60.5,61.040000915527344,60.13999938964844,60.79999923706055,57.8107795715332,1916264.0,,,,,,,,,,,,,,,,,,,,,,,,,,,,,,,,,,,,,,,,,,,,,,,,,,,,,,,,,,,,
2024-07-23,60.52000045776367,60.68000030517578,58.93999862670898,59.400001525878906,56.4796142578125,1232835.0,,,,,,,,,,,,,,,,,,,,,,,,,,,,,,,,,,,,,,,,,,,,,,,,,,,,,,,,,,,,
2024-07-24,58.79999923706055,60.02000045776367,58.68000030517578,59.27999877929688,56.36551284790039,1439217.0,,,,,,,,,,,,,,,,,,,,,,,,,,,,,,,,,,,,,,,,,,,,,,,,,,,,,,,,,,,,
2024-07-25,58.43999862670898,59.27999877929688,58.2400016784668,59.20000076293945,56.28944778442383,1573532.0,,,,,,,,,,,,,,,,,,,,,,,,,,,,,,,,,,,,,,,,,,,,,,,,,,,,,,,,,,,,
2024-07-26,59.02000045776367,59.880001068115234,58.79999923706055,59.13999938964844,56.23239517211914,903316.0,,,,,,,,,,,,,,,,,,,,,,,,,,,,,,,,,,,,,,,,,,,,,,,,,,,,,,,,,,,,
2024-07-29,59.36000061035156,60.15999984741211,58.959999084472656,59.36000061035156,56.44157791137695,1349284.0,,,,,,,,,,,,,,,,,,,,,,,,,,,,,,,,,,,,,,,,,,,,,,,,,,,,,,,,,,,,
2024-07-30,59.52000045776367,59.77999877929688,58.2599983215332,58.400001525878906,55.52877807617188,1469504.0,,,,,,,,,,,,,,,,,,,,,,,,,,,,,,,,,,,,,,,,,,,,,,,,,,,,,,,,,,,,
2024-07-31,58.97999954223633,59.540000915527344,58.58000183105469,58.959999084472656,56.06124496459961,2114549.0,,,,,,,,,,,,,,,,,,,,,,,,,,,,,,,,,,,,,,,,,,,,,,,,,,,,,,,,,,,,
2024-08-01,59.43999862670898,59.540000915527344,57.619998931884766,57.959999084472656,55.11040878295898,2220682.0,,,,,,,,,,,,,,,,,,,,,,,,,,,,,,,,,,,,,,,,,,,,,,,,,,,,,,,,,,,,
2024-08-02,57.34000015258789,57.380001068115234,55.27999877929688,55.880001068115234,53.13267517089844,3231661.0,,,,,,,,,,,,,,,,,,,,,,,,,,,,,,,,,,,,,,,,,,,,,,,,,,,,,,,,,,,,
2024-08-05,54.2599983215332,54.43999862670898,52.959999084472656,54.060001373291016,51.40215301513672,3491020.0,,,,,,,,,,,,,,,,,,,,,,,,,,,,,,,,,,,,,,,,,,,,,,,,,,,,,,,,,,,,
2024-08-06,54.459999084472656,54.63999938964844,51.81999969482422,52.68000030517578,50.09000015258789,3029870.0,,,,,,,,,,,,,,,,,,,,,,,,,,,,,,,,,,,,,,,,,,,,,,,,,,,,,,,,,,,,
2024-08-07,50.84000015258789,50.97999954223633,49.7400016784668,49.84000015258789,49.84000015258789,3168511.0,,,,,,,,,,,,,,,,,,,,,,,,,,,,,,,,,,,,,,,,,,,,,,,,,,,,,,,,,,,,
2024-08-08,49.63999938964844,50.79999923706055,48.5,50.720001220703125,50.720001220703125,4395798.0,,,,,,,,,,,,,,,,,,,,,,,,,,,,,,,,,,,,,,,,,,,,,,,,,,,,,,,,,,,,
2024-08-09,51.220001220703125,52.65999984741211,51.060001373291016,51.91999816894531,51.91999816894531,2574476.0,,,,,,,,,,,,,,,,,,,,,,,,,,,,,,,,,,,,,,,,,,,,,,,,,,,,,,,,,,,,
2024-08-12,52.29999923706055,54.040000915527344,51.58000183105469,54.040000915527344,54.040000915527344,2102908.0,,,,,,,,,,,,,,,,,,,,,,,,,,,,,,,,,,,,,,,,,,,,,,,,,,,,,,,,,,,,
2024-08-13,54.34000015258789,55.09999847412109,53.47999954223633,53.720001220703125,53.720001220703125,2986502.0,,,,,,,,,,,,,,,,,,,,,,,,,,,,,,,,,,,,,,,,,,,,,,,,,,,,,,,,,,,,
2024-08-14,54.68000030517578,54.79999923706055,53.900001525878906,54.70000076293945,54.70000076293945,2321070.0,,,,,,,,,,,,,,,,,,,,,,,,,,,,,,,,,,,,,,,,,,,,,,,,,,,,,,,,,,,,
2024-08-16,55.0,57.0,55.0,56.720001220703125,56.720001220703125,2711686.0,,,,,,,,,,,,,,,,,,,,,,,,,,,,,,,,,,,,,,,,,,,,,,,,,,,,,,,,,,,,
2024-08-19,56.5,57.2599983215332,56.040000915527344,57.13999938964844,57.13999938964844,1652692.0,,,,,,,,,,,,,,,,,,,,,,,,,,,,,,,,,,,,,,,,,,,,,,,,,,,,,,,,,,,,
2024-08-20,57.13999938964844,57.20000076293945,55.63999938964844,56.0,56.0,1752421.0,,,,,,,,,,,,,,,,,,,,,,,,,,,,,,,,,,,,,,,,,,,,,,,,,,,,,,,,,,,,
2024-08-21,55.79999923706055,56.63999938964844,55.79999923706055,55.91999816894531,55.91999816894531,2674616.0,,,,,,,,,,,,,,,,,,,,,,,,,,,,,,,,,,,,,,,,,,,,,,,,,,,,,,,,,,,,
2024-08-22,57.5,57.7400016784668,56.459999084472656,56.58000183105469,56.58000183105469,2834003.0,,,,,,,,,,,,,,,,,,,,,,,,,,,,,,,,,,,,,,,,,,,,,,,,,,,,,,,,,,,,
2024-08-23,57.400001525878906,58.29999923706055,57.0,57.65999984741211,57.65999984741211,1807301.0,,,,,,,,,,,,,,,,,,,,,,,,,,,,,,,,,,,,,,,,,,,,,,,,,,,,,,,,,,,,
2024-08-26,57.63999938964844,57.93999862670898,56.27999877929688,56.81999969482422,56.81999969482422,1308298.0,,,,,,,,,,,,,,,,,,,,,,,,,,,,,,,,,,,,,,,,,,,,,,,,,,,,,,,,,,,,
2024-08-27,56.84000015258789,57.02000045776367,55.5,56.47999954223633,56.47999954223633,1623223.0,,,,,,,,,,,,,,,,,,,,,,,,,,,,,,,,,,,,,,,,,,,,,,,,,,,,,,,,,,,,
2024-08-28,56.5,56.79999923706055,55.79999923706055,56.560001373291016,56.560001373291016,1314756.0,,,,,,,,,,,,,,,,,,,,,,,,,,,,,,,,,,,,,,,,,,,,,,,,,,,,,,,,,,,,
2024-08-29,56.560001373291016,58.15999984741211,56.560001373291016,57.70000076293945,57.70000076293945,2508254.0,,,,,,,,,,,,,,,,,,,,,,,,,,,,,,,,,,,,,,,,,,,,,,,,,,,,,,,,,,,,
2024-08-30,58.0,58.060001373291016,57.13999938964844,57.880001068115234,57.880001068115234,2800725.0,,,,,,,,,,,,,,,,,,,,,,,,,,,,,,,,,,,,,,,,,,,,,,,,,,,,,,,,,,,,
2024-09-02,57.560001373291016,59.08000183105469,57.060001373291016,58.720001220703125,58.720001220703125,1147939.0,,,,,,,,,,,,,,,,,,,,,,,,,,,,,,,,,,,,,,,,,,,,,,,,,,,,,,,,,,,,
2024-09-03,58.65999984741211,59.0,58.040000915527344,58.040000915527344,58.040000915527344,1279049.0,,,,,,,,,,,,,,,,,,,,,,,,,,,,,,,,,,,,,,,,,,,,,,,,,,,,,,,,,,,,
2024-09-04,57.220001220703125,58.31999969482422,57.040000915527344,58.27999877929688,58.27999877929688,1240999.0,,,,,,,,,,,,,,,,,,,,,,,,,,,,,,,,,,,,,,,,,,,,,,,,,,,,,,,,,,,,
2024-09-05,58.29999923706055,58.93999862670898,57.47999954223633,57.959999084472656,57.959999084472656,1474164.0,,,,,,,,,,,,,,,,,,,,,,,,,,,,,,,,,,,,,,,,,,,,,,,,,,,,,,,,,,,,
2024-09-06,57.47999954223633,57.880001068115234,56.29999923706055,56.29999923706055,56.29999923706055,2902515.0,,,,,,,,,,,,,,,,,,,,,,,,,,,,,,,,,,,,,,,,,,,,,,,,,,,,,,,,,,,,
2024-09-09,56.31999969482422,57.040000915527344,56.02000045776367,56.86000061035156,56.86000061035156,1582276.0,,,,,,,,,,,,,,,,,,,,,,,,,,,,,,,,,,,,,,,,,,,,,,,,,,,,,,,,,,,,
2024-09-10,56.86000061035156,57.27999877929688,55.7400016784668,56.58000183105469,56.58000183105469,3084626.0,,,,,,,,,,,,,,,,,,,,,,,,,,,,,,,,,,,,,,,,,,,,,,,,,,,,,,,,,,,,
2024-09-11,55.58000183105469,56.380001068115234,53.91999816894531,54.02000045776367,54.02000045776367,5370122.0,,,,,,,,,,,,,,,,,,,,,,,,,,,,,,,,,,,,,,,,,,,,,,,,,,,,,,,,,,,,
2024-09-12,55.31999969482422,55.5,54.63999938964844,55.15999984741211,55.15999984741211,2317218.0,,,,,,,,,,,,,,,,,,,,,,,,,,,,,,,,,,,,,,,,,,,,,,,,,,,,,,,,,,,,
2024-09-13,55.400001525878906,57.18000030517578,55.29999923706055,57.18000030517578,57.18000030517578,2693382.0,,,,,,,,,,,,,,,,,,,,,,,,,,,,,,,,,,,,,,,,,,,,,,,,,,,,,,,,,,,,
2024-09-16,56.79999923706055,57.27999877929688,52.5,55.81999969482422,55.81999969482422,1518884.0,,,,,,,,,,,,,,,,,,,,,,,,,,,,,,,,,,,,,,,,,,,,,,,,,,,,,,,,,,,,
2024-09-17,56.59999847412109,56.84000015258789,55.68000030517578,56.34000015258789,56.34000015258789,2415521.0,,,,,,,,,,,,,,,,,,,,,,,,,,,,,,,,,,,,,,,,,,,,,,,,,,,,,,,,,,,,
2024-09-18,56.47999954223633,57.0,56.08000183105469,56.540000915527344,56.540000915527344,1592966.0,,,,,,,,,,,,,,,,,,,,,,,,,,,,,,,,,,,,,,,,,,,,,,,,,,,,,,,,,,,,
2024-09-19,57.0,57.09999847412109,55.79999923706055,57.0,57.0,2623253.0,,,,,,,,,,,,,,,,,,,,,,,,,,,,,,,,,,,,,,,,,,,,,,,,,,,,,,,,,,,,
2024-09-20,57.040000915527344,57.119998931884766,55.02000045776367,55.7400016784668,55.7400016784668,7338703.0,,,,,,,,,,,,,,,,,,,,,,,,,,,,,,,,,,,,,,,,,,,,,,,,,,,,,,,,,,,,
2024-09-23,55.959999084472656,56.5,55.15999984741211,55.7400016784668,55.7400016784668,1538691.0,,,,,,,,,,,,,,,,,,,,,,,,,,,,,,,,,,,,,,,,,,,,,,,,,,,,,,,,,,,,
2024-09-24,56.29999923706055,57.93999862670898,56.13999938964844,57.36000061035156,57.36000061035156,2849595.0,,,,,,,,,,,,,,,,,,,,,,,,,,,,,,,,,,,,,,,,,,,,,,,,,,,,,,,,,,,,
2024-09-25,56.93999862670898,57.720001220703125,56.560001373291016,57.2599983215332,57.2599983215332,1353307.0,,,,,,,,,,,,,,,,,,,,,,,,,,,,,,,,,,,,,,,,,,,,,,,,,,,,,,,,,,,,
2024-09-26,57.58000183105469,58.91999816894531,57.58000183105469,58.18000030517578,58.18000030517578,2032516.0,,,,,,,,,,,,,,,,,,,,,,,,,,,,,,,,,,,,,,,,,,,,,,,,,,,,,,,,,,,,
2024-09-27,57.5,58.560001373291016,57.5,58.2599983215332,58.2599983215332,1035115.0,,,,,,,,,,,,,,,,,,,,,,,,,,,,,,,,,,,,,,,,,,,,,,,,,,,,,,,,,,,,
2024-09-30,58.08000183105469,58.18000030517578,55.97999954223633,55.97999954223633,55.97999954223633,2698601.0,,,,,,,,,,,,,,,,,,,,,,,,,,,,,,,,,,,,,,,,,,,,,,,,,,,,,,,,,,,,
2024-10-01,56.15999984741211,56.34000015258789,54.459999084472656,54.86000061035156,54.86000061035156,2287962.0,,,,,,,,,,,,,,,,,,,,,,,,,,,,,,,,,,,,,,,,,,,,,,,,,,,,,,,,,,,,
2024-10-02,54.880001068115234,55.58000183105469,54.400001525878906,54.79999923706055,54.79999923706055,1094303.0,,,,,,,,,,,,,,,,,,,,,,,,,,,,,,,,,,,,,,,,,,,,,,,,,,,,,,,,,,,,
2024-10-03,54.0,54.63999938964844,53.70000076293945,53.91999816894531,53.91999816894531,1911542.0,,,,,,,,,,,,,,,,,,,,,,,,,,,,,,,,,,,,,,,,,,,,,,,,,,,,,,,,,,,,
2024-10-04,54.0,54.41999816894531,53.43999862670898,54.08000183105469,54.08000183105469,1561644.0,,,,,,,,,,,,,,,,,,,,,,,,,,,,,,,,,,,,,,,,,,,,,,,,,,,,,,,,,,,,
2024-10-07,54.5,54.65999984741211,53.29999923706055,54.13999938964844,54.13999938964844,1541133.0,,,,,,,,,,,,,,,,,,,,,,,,,,,,,,,,,,,,,,,,,,,,,,,,,,,,,,,,,,,,
2024-10-08,53.91999816894531,55.59999847412109,53.43999862670898,55.02000045776367,55.02000045776367,2281676.0,,,,,,,,,,,,,,,,,,,,,,,,,,,,,,,,,,,,,,,,,,,,,,,,,,,,,,,,,,,,
2024-10-09,54.560001373291016,57.060001373291016,54.560001373291016,56.81999969482422,56.81999969482422,2070666.0,,,,,,,,,,,,,,,,,,,,,,,,,,,,,,,,,,,,,,,,,,,,,,,,,,,,,,,,,,,,
2024-10-10,56.81999969482422,57.27999877929688,56.47999954223633,56.91999816894531,56.91999816894531,2272616.0,,,,,,,,,,,,,,,,,,,,,,,,,,,,,,,,,,,,,,,,,,,,,,,,,,,,,,,,,,,,
2024-10-11,57.220001220703125,58.459999084472656,57.0,58.15999984741211,58.15999984741211,1854607.0,,,,,,,,,,,,,,,,,,,,,,,,,,,,,,,,,,,,,,,,,,,,,,,,,,,,,,,,,,,,
2024-10-14,58.119998931884766,58.7599983215332,57.84000015258789,58.220001220703125,58.220001220703125,1570251.0,,,,,,,,,,,,,,,,,,,,,,,,,,,,,,,,,,,,,,,,,,,,,,,,,,,,,,,,,,,,
2024-10-15,58.29999923706055,58.720001220703125,57.93999862670898,58.2400016784668,58.2400016784668,1702816.0,,,,,,,,,,,,,,,,,,,,,,,,,,,,,,,,,,,,,,,,,,,,,,,,,,,,,,,,,,,,
2024-10-16,58.2400016784668,59.380001068115234,58.0,58.619998931884766,58.619998931884766,4831591.0,,,,,,,,,,,,,,,,,,,,,,,,,,,,,,,,,,,,,,,,,,,,,,,,,,,,,,,,,,,,
2024-10-17,59.0,59.2599983215332,57.15999984741211,57.380001068115234,57.380001068115234,1794569.0,,,,,,,,,,,,,,,,,,,,,,,,,,,,,,,,,,,,,,,,,,,,,,,,,,,,,,,,,,,,
2024-10-18,57.08000183105469,58.43999862670898,57.08000183105469,57.720001220703125,57.720001220703125,953936.0,,,,,,,,,,,,,,,,,,,,,,,,,,,,,,,,,,,,,,,,,,,,,,,,,,,,,,,,,,,,
2024-10-21,,,,,,,56.220001220703125,56.220001220703125,57.79999923706055,56.220001220703125,57.79999923706055,1979615.0,,,,,,,,,,,,,,,,,,,,,,,,,,,,,,,,,,,,,,,,,,,,,,,,,,,,,,
2024-10-22,,,,,,,55.52000045776367,55.52000045776367,56.47999954223633,55.20000076293945,56.47999954223633,2365948.0,,,,,,,,,,,,,,,,,,,,,,,,,,,,,,,,,,,,,,,,,,,,,,,,,,,,,,
2024-10-23,,,,,,,56.09999847412109,56.09999847412109,56.400001525878906,55.27999877929688,55.27999877929688,1593420.0,,,,,,,,,,,,,,,,,,,,,,,,,,,,,,,,,,,,,,,,,,,,,,,,,,,,,,
2024-10-24,,,,,,,56.18000030517578,56.18000030517578,57.20000076293945,55.540000915527344,56.13999938964844,2173639.0,,,,,,,,,,,,,,,,,,,,,,,,,,,,,,,,,,,,,,,,,,,,,,,,,,,,,,
2024-10-25,,,,,,,55.93999862670898,55.93999862670898,56.31999969482422,55.5,56.20000076293945,1320769.0,,,,,,,,,,,,,,,,,,,,,,,,,,,,,,,,,,,,,,,,,,,,,,,,,,,,,,
2024-10-28,,,,,,,55.43999862670898,55.43999862670898,56.63999938964844,55.09999847412109,56.29999923706055,1412364.0,,,,,,,,,,,,,,,,,,,,,,,,,,,,,,,,,,,,,,,,,,,,,,,,,,,,,,
2024-10-29,,,,,,,57.5,57.5,57.5,55.5,55.5,2694807.0,,,,,,,,,,,,,,,,,,,,,,,,,,,,,,,,,,,,,,,,,,,,,,,,,,,,,,
2024-10-30,,,,,,,56.0,56.0,57.5,55.84000015258789,57.2400016784668,2495585.0,,,,,,,,,,,,,,,,,,,,,,,,,,,,,,,,,,,,,,,,,,,,,,,,,,,,,,
2024-10-31,,,,,,,55.79999923706055,55.79999923706055,56.27999877929688,55.20000076293945,55.59999847412109,4491728.0,,,,,,,,,,,,,,,,,,,,,,,,,,,,,,,,,,,,,,,,,,,,,,,,,,,,,,
2024-11-04,,,,,,,57.959999084472656,57.959999084472656,58.29999923706055,56.060001373291016,56.20000076293945,3232738.0,,,,,,,,,,,,,,,,,,,,,,,,,,,,,,,,,,,,,,,,,,,,,,,,,,,,,,
2024-11-05,,,,,,,58.0,58.0,58.13999938964844,57.5,57.959999084472656,2796388.0,,,,,,,,,,,,,,,,,,,,,,,,,,,,,,,,,,,,,,,,,,,,,,,,,,,,,,
2024-11-06,,,,,,,59.13999938964844,59.13999938964844,60.119998931884766,58.31999969482422,58.380001068115234,3853921.0,,,,,,,,,,,,,,,,,,,,,,,,,,,,,,,,,,,,,,,,,,,,,,,,,,,,,,
2024-11-07,,,,,,,60.0,60.0,60.900001525878906,58.959999084472656,59.13999938964844,5389922.0,,,,,,,,,,,,,,,,,,,,,,,,,,,,,,,,,,,,,,,,,,,,,,,,,,,,,,
2024-11-08,,,,,,,59.58000183105469,59.58000183105469,60.380001068115234,58.68000030517578,60.09999847412109,3892729.0,,,,,,,,,,,,,,,,,,,,,,,,,,,,,,,,,,,,,,,,,,,,,,,,,,,,,,
2024-11-12,,,,,,,58.63999938964844,58.63999938964844,60.2599983215332,58.5,59.58000183105469,4011001.0,,,,,,,,,,,,,,,,,,,,,,,,,,,,,,,,,,,,,,,,,,,,,,,,,,,,,,
2024-11-13,,,,,,,57.29999923706055,57.29999923706055,58.70000076293945,57.040000915527344,58.70000076293945,2300215.0,,,,,,,,,,,,,,,,,,,,,,,,,,,,,,,,,,,,,,,,,,,,,,,,,,,,,,
2024-11-14,,,,,,,59.119998931884766,59.119998931884766,59.34000015258789,57.31999969482422,57.52000045776367,7618326.0,,,,,,,,,,,,,,,,,,,,,,,,,,,,,,,,,,,,,,,,,,,,,,,,,,,,,,
2024-11-15,,,,,,,56.380001068115234,56.380001068115234,59.040000915527344,56.29999923706055,59.040000915527344,2983800.0,,,,,,,,,,,,,,,,,,,,,,,,,,,,,,,,,,,,,,,,,,,,,,,,,,,,,,
2024-11-18,,,,,,,55.900001525878906,55.900001525878906,57.29999923706055,55.2400016784668,56.380001068115234,2436992.0,,,,,,,,,,,,,,,,,,,,,,,,,,,,,,,,,,,,,,,,,,,,,,,,,,,,,,
2024-11-19,,,,,,,53.900001525878906,53.900001525878906,56.18000030517578,52.31999969482422,55.900001525878906,6239806.0,,,,,,,,,,,,,,,,,,,,,,,,,,,,,,,,,,,,,,,,,,,,,,,,,,,,,,
2024-11-20,,,,,,,,,,,,,53.93999862670898,53.93999862670898,54.86000061035156,53.47999954223633,54.18000030517578,1783211.0,,,,,,,,,,,,,,,,,,,,,,,,,,,,,,,,,,,,,,,,,,,,,,,,
2024-11-21,,,,,,,,,,,,,,,,,,,54.220001220703125,54.220001220703125,54.68000030517578,53.0,54.29999923706055,2250567.0,,,,,,,,,,,,,,,,,,,,,,,,,,,,,,,,,,,,,,,,,,
2024-11-22,,,,,,,,,,,,,,,,,,,,,,,,,,,,,,,,,,,,,,,,,,,,,,,,,54.36000061035156,54.36000061035156,54.619998931884766,52.81999969482422,54.0,1819341.0,,,,,,,,,,,,
2024-11-25,,,,,,,,,,,,,,,,,,,,,,,,,,,,,,,,,,,,,,,,,,,,,,,,,,,,,,,54.380001068115234,54.380001068115234,55.08000183105469,53.91999816894531,54.77999877929688,2893853.0,,,,,,
2024-11-26,,,,,,,,,,,,,,,,,,,,,,,,,,,,,,,,,,,,,,,,,,,,,,,,,,,,,,,,,,,,,54.279998779296875,54.279998779296875,54.91999816894531,53.81999969482422,54.119998931884766,2040096.0
